item_sno,name,image,particle_no,grade_no
fZ529EWuqunmK7byYWfM5,마이펫닥터 시그니처 유기농 스킨컨트롤 피부 사료,https://shopping-phinf.pstatic.net/main_2117434/21174349916.20220905095654.jpg?type=f140,1,1
fOVwTJUdFjgNZftn8DkYW,마이펫닥터 시그니처 유기농 알러제닉 눈물 사료,https://shopping-phinf.pstatic.net/main_2640626/26406266522.20220905095827.jpg?type=f140,1,1
fqECIJXyJsJIyIvfesaVi,마이펫닥터 유기농 강아지 장건강 위장 사료,https://shopping-phinf.pstatic.net/main_2771491/27714913522.20220905095407.jpg?type=f140,1,1
fYEVfdQt9OudsPWWthogm,마이펫닥터 시그니처 도그 푸드 슬리밍 컨트롤 다이어트 사료,https://shopping-phinf.pstatic.net/main_2114078/21140789867.20220905095456.jpg?type=f140,1,1
fhnpi4CbHe6zzYStnVbVj,본아페티 강아지 소프트 반습식 사료,https://shopping-phinf.pstatic.net/main_8381802/83818024918.1.jpg?type=f140,0,2
f8uoz8wKeNUv7T8LODusm,네츄럴랩 케어1 관절 눈 유기농 기능성 사료,https://shopping-phinf.pstatic.net/main_3096174/30961742618.20220216170530.jpg?type=f140,0,1
fU0paMhIQ3oQI9RBmkwhT,더마독 관절 체중조절 강아지사료,https://shopping-phinf.pstatic.net/main_1933080/19330803748.20220629164505.jpg?type=f140,1,2
fpXRFcBC0J09r9ndb7eZL,더마독 피부 모질 건강사료,https://shopping-phinf.pstatic.net/main_1933091/19330910518.20220629164534.jpg?type=f140,1,2
fBMnpyjZHdK3lGDLbxQZ8,NOW 그레인프리 스몰브리드 어덜트,https://shopping-phinf.pstatic.net/main_1232582/12325828530.20210121101943.jpg?type=f140,1,3
fVpzpnes17kDiZK7XYh0H,마이펫닥터 인섹트 더 제로 강아지 알러지사료,https://shopping-phinf.pstatic.net/main_2640513/26405132522.20220818104927.jpg?type=f140,1,2
fYywJSTRvAAZ2B9VubY2n,펫컴 펫발란스 치킨&양고기와 쌀 대용량 전연령 강아지 애견 반려견 사료,https://shopping-phinf.pstatic.net/main_8171803/81718035658.7.jpg?type=f140,1,3
fe1nOQjd2exvf1bZn6lpQ,지위픽 독식품 소고기,https://shopping-phinf.pstatic.net/main_1531021/15310217396.20220729161530.jpg?type=f140,2,2
f9Fu4iSZjRXesf9pxKEEO,펫컴 퍼피위너 작은입자 국내산 전연령 치킨 강아지 애견 반려견 대용량 사료,https://shopping-phinf.pstatic.net/main_8260731/82607318467.2.jpg?type=f140,1,3
fOR0GGLKu0bYtGaYmLTfs,펫컴 퍼피 딜리셔스 & 전연령 강아지 애견 반려견 사료 국내생산,https://shopping-phinf.pstatic.net/main_8026141/80261416648.6.jpg?type=f140,2,3
fFVmsvGz6te2QJSp3u5UJ,아카나 독 프리런덕 강아지사료,https://shopping-phinf.pstatic.net/main_1497939/14979398409.20180806094515.jpg?type=f140,1,3
fXkNS3UFZmjFbkSnZv26H,강아지사료 브이플래닛 미니 비건사료 저알러지,https://shopping-phinf.pstatic.net/main_8397241/83972414892.jpg?type=f140,1,2
f1jJZe6edXaqv3iWq4Jke,비고앤세이지 릴리루트 뷰티 강아지 비숑 말티즈 푸들 눈물 자국 알러지 사료,https://shopping-phinf.pstatic.net/main_8291749/82917496788.2.jpg?type=f140,0,3
fyBfqx514rfDWDUDPbLq6,NOW 그레인프리 스몰브리드 시니어,https://shopping-phinf.pstatic.net/main_1456236/14562361991.20200612144311.jpg?type=f140,1,3
fuQXKh3o1Ah35FLSBLyhU,NOW 그레인프리 스몰브리드 퍼피,https://shopping-phinf.pstatic.net/main_1244141/12441417832.20200604151743.jpg?type=f140,1,3
fWIGAslo7pFesO6XIixBo,오리젠 퍼피,https://shopping-phinf.pstatic.net/main_8466889/84668899365.jpg?type=f140,0,3
fD4OxY4BydV8fHQdEHfaj,내추럴발란스 LID 고구마 연어 건식사료 작은입자,https://shopping-phinf.pstatic.net/main_1441800/14418000515.20210226173219.jpg?type=f140,2,3
fVFRRH4sNrllrLXCFVR5S,ANF 6프리 플러스 소고기 연어,https://shopping-phinf.pstatic.net/main_2247018/22470189919.20200413124428.jpg?type=f140,2,1
fThExcmFqFARd3DlXqzuV,ANF 6free 식스프리플러스 강아지사료,https://shopping-phinf.pstatic.net/main_8243294/82432948871.12.jpg?type=f140,1,1
fX0a2dKnkTnYjDZprZaDC,강아지화식 영양강화 팩 소 오리 닭 수비드 자연식,https://shopping-phinf.pstatic.net/main_8298277/82982775873.5.jpg?type=f140,0,2
frEhr2b3hYgeb2Gq0Eds5,에프씨원 기호성 알러지 연어 강아지사료,https://shopping-phinf.pstatic.net/main_8281704/82817041312.jpg?type=f140,0,2
fNOlBJ9cxmNnYE6zQQfXa,노스포 독 저알러지 랍스터사료 그레인프리 눈물사료 애견사료,https://shopping-phinf.pstatic.net/main_8237899/82378992317.jpg?type=f140,1,3
f2XnfJvhwm1HpDxng1Z56,네츄럴코어 강아지 사료 에코1 양고기 S입자,https://shopping-phinf.pstatic.net/main_1034399/10343993678.20.jpg?type=f140,1,1
fltD5lnTAN40PFSsS5pRq,피니키 밀웜 크릴 가수분해 하이포알러지 그레인프리 사료,https://shopping-phinf.pstatic.net/main_8343602/83436021149.15.jpg?type=f140,2,3
fZKCfdgjSEqSe5veU01S5,인섹트도그 하이포알러지 밀웜사료,https://shopping-phinf.pstatic.net/main_2303504/23035040491.20220606123322.jpg?type=f140,3,3
fcxc2D7mwgfIAbtijvYNQ,오리젠 피트앤트림 독 강아지 사료,https://shopping-phinf.pstatic.net/main_1631261/16312611873.20181126100142.jpg?type=f140,1,3
f0r3vK9VdjaZ4vPK0INVX,네츄럴코어 에코6 센시티브 솔루션 연어 작은알갱이,https://shopping-phinf.pstatic.net/main_6004983/6004983678.20190226174519.jpg?type=f140,0,1
f78pO8CbEoszmlz6QYQ7P,오리젠 사료 오리지널 독,https://shopping-phinf.pstatic.net/main_2003507/20035078021.20190703125804.jpg?type=f140,2,2
fTguUPg5y3kmLm6Nw0K3b,펫큐리안 고 솔루션 LID 스몰브리드 연어 레시피,https://shopping-phinf.pstatic.net/main_2409503/24095033523.20200909121905.jpg?type=f140,0,3
fc9VpC2t3pURL0ueMP6Px,아카나 어덜트 스몰브리드 건식사료,https://shopping-phinf.pstatic.net/main_1598923/15989230773.20181106110219.jpg?type=f140,0,2
fEFaNm7ReE73kdU4TA5VC,인섹트도그 하이포알러지 라지바이트 그레인프리 알러지케어 밀웜 강아지사료,https://shopping-phinf.pstatic.net/main_8463466/84634662755.jpg?type=f140,0,3
fw4vbr4sAlwwV6AYSc0Tw,강아지사료 브이플래닛 레귤러 비건사료 저알러지,https://shopping-phinf.pstatic.net/main_8397645/83976457725.1.jpg?type=f140,2,2
fDr7HztRdhBVDiKGUZjaH,강아지 샘플 사료 기호성 테스트 그레인프리 이즈칸 주니어 퍼피,https://shopping-phinf.pstatic.net/main_8313234/83132349754.44.jpg?type=f140,2,3
funz9omwvsDZziPdo6RCI,오요요 독 면역케어,https://shopping-phinf.pstatic.net/main_3102425/31024259618.20220221150844.jpg?type=f140,2,1
f7swEYEUWA52OrmEEkTGc,나우 사료 프레쉬 어덜트,https://shopping-phinf.pstatic.net/main_1140991/11409916892.19.jpg?type=f140,1,3
faYHKFDm1tnxgm1F0ymFq,웰썸 곤충사료,https://searchad-phinf.pstatic.net/MjAyMjA4MjZfNjEg/MDAxNjYxNTIzOTM3Njkx.9nPsVFu3rPfCd_J4o-Lk1vs0rMM5d_7ANzC4sergLJog.PV-Mdev58i_sKpQT8cgNwEBMCXiQDtozGKfyug8plqYg.PNG/2146202-c726b1a6-c7fb-4ebd-9cdd-995b9893e475.png?type=f200,1,3
fsjuITgcIq1wjykIjIP1S,웰니스 심플 스몰브리드 살몬 앤 포테이토,https://shopping-phinf.pstatic.net/main_8375208/83752085631.jpg?type=f140,0,3
f2HBxAPbRAXRYxZRjUXDg,아카나 라이트 앤 피트 강아지 사료,https://shopping-phinf.pstatic.net/main_1547839/15478395471.20180928100611.jpg?type=f140,0,2
ff8eeWselOkxX2MgqqHHV,ANF 유기농 6FREE 소고기 강아지사료,https://shopping-phinf.pstatic.net/main_2247018/22470189919.20200413124428.jpg?type=f140,2,2
fbDTlWX23OZJAGkJKl3Sa,대한사료 이즈칸 퍼포먼스 강아지사료,https://shopping-phinf.pstatic.net/main_8226795/82267957866.3.jpg?type=f140,1,3
fR5V7WcAq23BeGuPXJxQr,인섹트도그 미니 그레인프리 알러지케어 강아지사료,https://shopping-phinf.pstatic.net/main_8413677/84136772838.3.jpg?type=f140,0,3
fMX70E2pArtSE6XkUYIHV,NOW 나우 스몰브리드 어덜트 그레인프리 강아지사료+,https://shopping-phinf.pstatic.net/main_1232582/12325828530.20210121101943.jpg?type=f140,1,3
fIyZJGefeQJFMg8rntmUV,웰스비 시니어 노령견 가수분해 유기농 강아지 사료,https://shopping-phinf.pstatic.net/main_2500812/25008123522.20201127115635.jpg?type=f140,1,1
fDkOuEFlsHs1V1ehx5Nsx,웰스비 그레인프리 강아지 유기농 샘플 알러지 가수분해 사료,https://shopping-phinf.pstatic.net/main_1597809/15978095859.20220215165849.jpg?type=f140,1,1
fQgLwOSmzy3wjid4pbrD2,ANF 램 프리미엄 램 양고기 애견사료,https://shopping-phinf.pstatic.net/main_8193178/81931784082.5.jpg?type=f140,1,2
fKCvkkEwyQBGkPO08nK1d,카르나4 강아지 이지츄 그레인프리 피쉬,https://shopping-phinf.pstatic.net/main_3327728/33277280618.20220705182832.jpg?type=f140,0,3
f907quL6QM9KgBprukeCi,뉴프로세스 강아지사료 시그니처,https://shopping-phinf.pstatic.net/main_8697085/8697085352.24.jpg?type=f140,2,1
fBMDk4ccsxWrvuU9sBH1G,웰스비 어덜트 강아지 유기농 기호성 피부 가수분해 건식 사료,https://shopping-phinf.pstatic.net/main_1481746/14817460838.20200618142359.jpg?type=f140,2,1
famt7yPjM0HbhF1nMSNG1,웰니스 심플 스몰브리드 강아지 알러지 눈물 피부 사료,https://shopping-phinf.pstatic.net/main_8347493/83474936270.6.jpg?type=f140,2,3
fCOg14DY12jWHZ9bSvUrb,닥터독 피부모질 사료,https://searchad-phinf.pstatic.net/MjAxOTA3MDNfMTY4/MDAxNTYyMTI2NTcyNzY3.JvNQgzyPPTDQ2JSnBISYy0PTpAEA2Cb3nH9fnxLGS4cg.FUeClsRXHiWDqZ_nnBnNXfcvdKiN78kjetJowRy4SzMg.JPEG/782599-dc715a95-4525-44df-b7e9-c6bd01b3a60c.jpg?type=f200,1,1
fo1Ept6x2l1OaVlvDF2WC,오가닉 다이어트 애견 강아지 건식 사료,https://shopping-phinf.pstatic.net/main_8066400/80664008711.6.jpg?type=f140,0,1
flAuAmGaWZJUA1Na2JyGI,네츄럴코어 네츄럴 코어 치킨 연어 애견사료,https://shopping-phinf.pstatic.net/main_2088096/20880964236.20190916102141.jpg?type=f140,0,1
fOa78NAnrtlZKRvVf2lYJ,아스쿠 펠리쿠치나 반습식 소고기,https://shopping-phinf.pstatic.net/main_8298289/82982890419.6.jpg?type=f140,0,3
fR5XllJk9ymzVmmc0sa3G,하이독 강아지화식 내추럴 덤 패키지,https://shopping-phinf.pstatic.net/main_8348627/83486272980.3.jpg?type=f140,0,2
fiUIkvahAIPuTGQkXpFrS,"허즈 강아지사료 칠면조 가슴살 - 알러지, 눈물 사료",https://shopping-phinf.pstatic.net/main_8358898/83588989093.4.jpg?type=f140,1,3
fCSEQ7wsSxftUGs0JEygF,로얄코코 하이포알러지 코코넛 강아지사료 관절건강 오리,https://shopping-phinf.pstatic.net/main_8333989/83339892220.5.jpg?type=f140,2,3
fEI8XbHYJ3fql8QtiOEdM,오리젠 오리지날 독 강아지사료,https://shopping-phinf.pstatic.net/main_2003507/20035078021.20190703125804.jpg?type=f140,1,2
fXAXNtNXGHdos90WVqSLe,펠리쿠치나 반 습식 강아지 사료 함온세,https://shopping-phinf.pstatic.net/main_8238811/82388111226.8.jpg?type=f140,2,3
fbbbuJOP4ev6fvIhMsCam,부드러운 반습식 사료 소프트발란스 피부 관절,https://shopping-phinf.pstatic.net/main_8290146/82901469585.2.jpg?type=f140,1,2
f6IUh6sLgAJAcjOP2T1Dc,아카나 퍼피 스몰브리드 건식사료,https://shopping-phinf.pstatic.net/main_2080912/20809125838.20190904100104.jpg?type=f140,2,3
f39pQaqcQsXgD31V8fVnn,메라 독 퓨어센서티브 인섹트 강아지 동애등에 밀웜 곤충 가수분해 알러지 눈물 자국 사료,https://shopping-phinf.pstatic.net/main_8387378/83873782341.1.jpg?type=f140,1,3
f55RprQv5Xmewe2ypYrP1,내추럴발란스 강아지사료 LID 치킨고구마 알러지케어 그레인프리,https://shopping-phinf.pstatic.net/main_8234255/82342553984.2.jpg?type=f140,1,3
fiemGNP6pJ9wFMsm9SJcX,이즈칸 그레인프리 퍼포먼스,https://shopping-phinf.pstatic.net/main_8437915/84379156147.jpg?type=f140,0,3
fNwDYFDV2hjIU62d2csxQ,닥터맘마 강아지 촉촉사료 시니어 노령견 애견 습식 사료,https://shopping-phinf.pstatic.net/main_1171088/11710889515.12.jpg?type=f140,0,2
ffLWoPYLL8PjK9GVLaD4u,강아지 사료 가수분해 아토피 눈물 푸들 비숑 에프씨원 청어 연어+,https://shopping-phinf.pstatic.net/main_8281704/82817041312.jpg?type=f140,0,2
fVOnZlFX96qae41DyswNC,나우사료 NOW 그레인프리 스몰브리드 어덜트 사료,https://shopping-phinf.pstatic.net/main_1232582/12325828530.20210121101943.jpg?type=f140,1,3
f46HDOnYs9PLy56Yqf0n0,아카나 어덜트 라이트 프리런덕 패시피카 요크셔,https://shopping-phinf.pstatic.net/main_8327398/83273985881.1.jpg?type=f140,1,2
fLQwGh6peCh7048fBE5f8,오리젠 퍼피 라지브리드 강아지 사료,https://shopping-phinf.pstatic.net/main_1631260/16312602627.20181126095124.jpg?type=f140,0,2
fqW4MVRnmKreX5doVDsLN,네츄럴코어 유기농 에코4 센시티브 슬림다운 전연령용,https://shopping-phinf.pstatic.net/main_6214148/6214148840.20120302151336.jpg?type=f140,0,1
fhyQgRGfe5b8ltpTSW8Cq,후코홀릭 인섹트 도그 동애등에 강아지 사료,https://shopping-phinf.pstatic.net/main_8332580/83325806423.2.jpg?type=f140,0,3
fA0aKkGZn9knzGw76J5NW,목우촌 펫9단 강아지 건강사료,https://shopping-phinf.pstatic.net/main_8426502/84265020941.11.jpg?type=f140,0,2
fKZY0ZgaJ2UbTWAsQgKds,네츄럴코어 에코 1 램 양고기 작은알갱이,https://shopping-phinf.pstatic.net/main_1185313/11853139581.20200909154739.jpg?type=f140,0,1
fHz7fA2vQDcU5VBI3Obuj,오리젠 오리지날+소분포장 봉제인형 치즈야채크래커,https://shopping-phinf.pstatic.net/main_1165957/11659570509.2.jpg?type=f140,3,3
fzwWbsHrZxEyEiiWAAnTH,웰스비 퍼피 새끼 강아지 유기농 가수분해 사료,https://shopping-phinf.pstatic.net/main_1547836/15478360299.20200618142428.jpg?type=f140,2,1
fllPwC0bzxII5tvLqmI1c,지위픽 독 식품 뉴질랜드산 사료 소고기 함온세,https://shopping-phinf.pstatic.net/main_8258076/82580763469.13.jpg?type=f140,1,3
fFBLRCJMEubelAH7ijLcF,반해 l 파미나 샘플 미니 바이트 / 적합성&기호도 테스트용,https://shopping-phinf.pstatic.net/main_8268582/82685823794.jpg?type=f140,1,2
fKI5qv8OSbxqmTlWocTEW,몬트인섹트 강아지 곤충사료 하이포알러제닉 눈물자국 알러지 기호성 전연령,https://shopping-phinf.pstatic.net/main_8344100/83441009711.1.jpg?type=f140,0,3
fQ1pDluYi6qhlwgTxg4ZE,아침애사료 가수분해 강아지 수제사료 오리 연어 감자,https://shopping-phinf.pstatic.net/main_1191261/11912613845.6.jpg?type=f140,0,2
fl4lhZeG08PVHPjTMO5FB,게더 프리에이커 치킨 사료,https://shopping-phinf.pstatic.net/main_2067641/20676411853.20190820105841.jpg?type=f140,1,1
fcZe0nFzLIfJ6dqIWiCLc,벨포아 미니 밀웜 인섹트 강아지 사료,https://shopping-phinf.pstatic.net/main_8338056/83380566773.6.jpg?type=f140,1,3
fx9Px1c0Py05wsvYBZgjR,더리얼그레인프리 오븐베이크드 연어 어덜트,https://shopping-phinf.pstatic.net/main_2333498/23334980490.20200702195806.jpg?type=f140,0,3
f6YvQ7GwQcBSlxqH7mBk7,나우 그레인프리 스몰브리드 어덜트수제간식,https://shopping-phinf.pstatic.net/main_8454349/8454349575.10.jpg?type=f140,2,3
fEhkYAe36Mf5n24eFOqqw,지위픽 독식품 지위픽사료 양고기 트라이프,https://shopping-phinf.pstatic.net/main_1175851/11758519132.7.jpg?type=f140,0,3
fR1pQCOFIu3olJl2oHGT9,벨포아 사료 인섹트 강아지눈물 곤충 알러지 퍼피 미니,https://shopping-phinf.pstatic.net/main_8312250/83122506098.1.jpg?type=f140,1,3
fqTl66I8sNNQgmIYRetgx,ANF 6프리 플러스 소고기&연어 강아지사료,https://shopping-phinf.pstatic.net/main_2247018/22470189919.20200413124428.jpg?type=f140,2,3
fpXuiXFyswQ1wIW0a0EaV,힐스 강아지 반려견 독 처방사료 cd c/d 멀티케어,https://shopping-phinf.pstatic.net/main_8359485/83594855003.3.jpg?type=f140,1,2
fREj9OQel7ZKwTJfrxZbT,하이독 강아지 화식 자연식 특식,https://shopping-phinf.pstatic.net/main_8355796/83557967393.2.jpg?type=f140,0,2
fDlg8adYnRq9KVits6yJ0,네츄럴코어 베네 M60 강아지사료,https://shopping-phinf.pstatic.net/main_1604150/16041503632.20181109104809.jpg?type=f140,0,2
fBpv3P2uVBnZwFvnT3Atn,씽크라이크펫 강아지 화식 자연식 수제 사료 24팩,https://shopping-phinf.pstatic.net/main_8278578/82785788613.9.jpg?type=f140,0,2
fDEB7xmM6GF0jtogHdmxz,도그랑 진도 골드,https://shopping-phinf.pstatic.net/main_8267363/82673636778.jpg?type=f140,0,2
fhk2w9aMd1jCEw9ytObdz,테라카니스 강아지 습식사료 습식캔 주식캔 그레인프리 저알러지 미니토끼,https://shopping-phinf.pstatic.net/main_8109948/81099480912.14.jpg?type=f140,0,3
fValrc6P3RVxsXnoxEHvj,NOW 스몰 브리드 피쉬 어덜트,https://shopping-phinf.pstatic.net/main_2296532/22965327490.20200526161146.jpg?type=f140,1,3
fn7LXAIODfJ0cTNoL5u9F,인섹트도그 하이포알러지 미니바이트,https://shopping-phinf.pstatic.net/main_8134263/81342638211.25.jpg?type=f140,3,3
fvwv2ljuzxU3igZcO4yjJ,네츄럴코어 에코 2 오리고기 작은알갱이,https://shopping-phinf.pstatic.net/main_1185776/11857765392.20191231162741.jpg?type=f140,0,1
fY9XoNSa71UehjbvIOJ8w,네츄럴코어 센시티브케어 밀웜 사료,https://shopping-phinf.pstatic.net/main_2942538/29425387620.20211027143519.jpg?type=f140,0,1
fWqz0Pe2I5QlC3QA31lT2,프롬벳 강아지 습식사료 오도독 삼계죽,https://shopping-phinf.pstatic.net/main_8385411/83854110811.1.jpg?type=f140,0,4
fNeCMnc0bEOIkg3AhukLW,ANF 6프리 플러스 오리고기 연어,https://shopping-phinf.pstatic.net/main_2247020/22470209655.20200929114554.jpg?type=f140,0,1
fpxqvzAixlGf0ylqP76Xs,피니키 사료 하이포알러지 가수분해 연어,https://shopping-phinf.pstatic.net/main_8343602/83436021149.15.jpg?type=f140,1,2
fZzVJZc6czjRYa8Z88Am5,나우 사료 프레쉬 스몰브리드 어덜트,https://shopping-phinf.pstatic.net/main_1140991/11409916892.19.jpg?type=f140,2,2
fBqDKIZD1jbdolLuCXQLw,아카나 라이트앤피트소분포장+모짜렐라치즈+봉제인형,https://shopping-phinf.pstatic.net/main_8319124/83191248469.2.jpg?type=f140,0,3
fqs1K0DLnFegJUZRxpDdE,인섹트도그 하이포알러지 미니 눈물사료 샘플증x5,https://shopping-phinf.pstatic.net/main_8455316/84553168931.jpg?type=f140,0,2
fRRdLiG4bv0VLWblGavns,더리얼그레인프리 오븐베이크드 닭고기 어덜트,https://shopping-phinf.pstatic.net/main_2182963/21829639636.20200529100448.jpg?type=f140,0,3
f0i4tJenuSL6PgjIhxSae,테라카니스 카니레오 강아지사료,https://shopping-phinf.pstatic.net/main_2093199/20931990809.20190923125637.jpg?type=f140,1,2
fCrd6vHxX18MVte5ESy1y,반해 l 파미나 N&D 펌프킨 멧돼지&사과 미니 바이트) / 계량컵&급여량 계산,https://shopping-phinf.pstatic.net/main_8209046/82090464741.jpg?type=f140,1,2
fSYb86QyIdykGct0HdO6m,강아지 샘플 사료 기호성 테스트,https://shopping-phinf.pstatic.net/main_8313234/83132349754.44.jpg?type=f140,1,3
f6D83j4d7LuMywYSkUgz4,밥이보약 DOG 튼튼한 관절,https://shopping-phinf.pstatic.net/main_2088160/20881605462.20200609112307.jpg?type=f140,0,2
fpNZv1hmyFowgXg4X2n0A,닥터독 관절 양고기 사료,https://shopping-phinf.pstatic.net/main_1546997/15469973388.20190712130700.jpg?type=f140,1,1
fkVNQcDADOmmgI53i9lLw,라포그 사료 리얼 인섹트 곤충 밀웜 저알러지 추가 라포그덴탈츄3p,https://shopping-phinf.pstatic.net/main_8347296/83472968364.2.jpg?type=f140,0,2
fUSx7aNtwxvJLz80Akldo,네츄럴랩 케어1 강아지 가수분해 사료 유기농 70% 이상 1등급 유산균 관절 눈물,https://shopping-phinf.pstatic.net/main_8308835/83088353295.1.jpg?type=f140,0,1
fDGI12EFq5rEDm5XNmB3r,위시본 독 사료 그레인프리 소고기 함온세,https://shopping-phinf.pstatic.net/main_8241197/82411974193.11.jpg?type=f140,1,2
f8k2pS09ZleDSEite16WE,아스쿠 펠리쿠치나 연어 소프트사료,https://shopping-phinf.pstatic.net/main_8166352/81663527611.2.jpg?type=f140,2,3
fRv3CNRDZOFDPINgYnNhV,아보덤내추럴 조인트헬스 그레인프리,https://shopping-phinf.pstatic.net/main_1489025/14890254194.20211112100807.jpg?type=f140,1,3
fJZb3MvURURKxy4Qh7aKJ,로얄캐닌 세타이어티 웨이트 매니지먼트 스몰독 강아지,https://shopping-phinf.pstatic.net/main_2655615/26556151525.20210329112953.jpg?type=f140,0,2
fhTFJ6hhP3o15hPo5IsBD,독 랍스터 저알러지 사료 샘플3개,https://shopping-phinf.pstatic.net/main_8229521/82295216327.5.jpg?type=f140,1,3
fgBoM3ZiKG8PyHQLSuvle,내추럴발란스 강아지사료 울트라 내발사료,https://shopping-phinf.pstatic.net/main_1106359/11063593509.8.jpg?type=f140,0,3
fLeTrvsqBqUG9CpeX39CF,벨포아 하이포알러제닉 슈마우스 미니,https://shopping-phinf.pstatic.net/main_2753603/27536034522.20210611153315.jpg?type=f140,0,3
fVEwE1ddeu1XQ33EA8szm,아카나 퍼피 스몰브리드 강아지사료,https://shopping-phinf.pstatic.net/main_8327374/83273745276.2.jpg?type=f140,0,2
fC4R4CAtbvvbZf7o9WA6N,7H 세븐아워 조인트케어,https://shopping-phinf.pstatic.net/main_8240335/82403357090.jpg?type=f140,0,2
f9HgoQa1ugPDQQpFi17KQ,빵근맘마 기력회복 강아지 습식사료 세트,https://shopping-phinf.pstatic.net/main_8232685/82326859895.1.jpg?type=f140,0,1
fOoTe8zSsgcFynBbFWOaf,7H 세븐아워 스킨케어,https://shopping-phinf.pstatic.net/main_8243139/82431393088.2.jpg?type=f140,0,2
fnndw3I6B3NXyZPC2SQq9,네츄럴프로세스 강아지사료 센서블 관절케어 교감 치킨+연어스틱10봉,https://shopping-phinf.pstatic.net/main_8218651/82186511326.20.jpg?type=f140,0,3
fjPRZwZDEuTluGf1ESLTe,위시본 연어고기 사료 강아지사료,https://shopping-phinf.pstatic.net/main_8011987/80119873355.4.jpg?type=f140,0,2
f6vfKRSGjjMRYmRfB6EWX,반해 l 파미나 N&D 펌프킨 멧돼지&사과 미니 바이트 / 계량컵&급여량 계산,https://shopping-phinf.pstatic.net/main_8209046/82090464741.jpg?type=f140,1,2
fMnpAOOSa2LfBvYzm2tSz,하림펫푸드 더리얼 그레인프리 크런치 닭고기 어덜트,https://shopping-phinf.pstatic.net/main_8239237/82392378625.2.jpg?type=f140,1,3
fG6WPVgrEnPtRmKtr3hOC,펫큐리안 고 솔루션 LID 연어 레시피,https://shopping-phinf.pstatic.net/main_2409503/24095033523.20200909121905.jpg?type=f140,0,3
fLWBz7pQjNWuhYlS4b1q7,"허즈 미국산 칠면조 가슴살 사료 - 알러지, 눈물",https://shopping-phinf.pstatic.net/main_8284840/82848403311.6.jpg?type=f140,1,3
fedBHFZZDa6ONwvfnny7b,더 텐 버틀러 사료 더텐 소프트 인섹트 알러지케어 the ten soft,https://shopping-phinf.pstatic.net/main_8316732/83167324850.8.jpg?type=f140,2,2
fTlsNN32xwEM5l9XbrYKc,아침애사료 가수분해 오리 연어 감자 수제사료,https://shopping-phinf.pstatic.net/main_8056849/80568495383.6.jpg?type=f140,0,2
fyWRWEV0xXNuwQvPl8BNI,하이독 눈 기능식 사료 백내장 눈곱 케어브이 라이트 루아틴,https://shopping-phinf.pstatic.net/main_3467380/34673803186.1.jpg?type=f140,0,2
fX8nal71nWrVylX7EFTHd,하이독 기관지 기능식 사료 기침 가래 헐떡거림 케어브이 라이트 브리틴,https://shopping-phinf.pstatic.net/main_3467381/34673813554.1.jpg?type=f140,0,2
f5dN43yKqmtRwwey7YmVy,비고앤세이지 아스트라갈러스 웰빙 시니어독 노령견 노견 강아지 알러지 후코이단 사료,https://shopping-phinf.pstatic.net/main_8291759/82917592425.1.jpg?type=f140,0,3
fvP45bkNBTScXVaZwArDA,인섹트라 하이포알러지 강아지 눈물관절에 좋은 사료 그레인프리,https://shopping-phinf.pstatic.net/main_8331789/83317892847.3.jpg?type=f140,1,3
f6CCx5hJJmWDpqNqQgGZR,인섹트도그 피부 눈물 알러지 밀웜 사료++밀웜껌,https://shopping-phinf.pstatic.net/main_3181601/31816017584.128.jpg?type=f140,3,3
fUUYKjpIekDNOSbDnTBty,아카나 프리런덕+소분봉투+모짜렐라치즈+봉제인형,https://shopping-phinf.pstatic.net/main_8161100/81611008249.2.jpg?type=f140,3,3
fVVmuVVLuZ2TWgE9595wS,프론티어 사료 동결건조 치킨,https://shopping-phinf.pstatic.net/main_8271456/82714565247.12.jpg?type=f140,1,2
f2d6qQ0VXjmsQU930FSij,내추럴발란스 오리지날 울트라 그레인프리 닭 보리 포뮬라 작은알갱이,https://shopping-phinf.pstatic.net/main_2217438/22174383026.20220302121237.jpg?type=f140,2,2
fYc1m1VlpvAg3y4pWgQGG,스텔라앤츄이스 탄탈라이징 터키 디너패티,https://shopping-phinf.pstatic.net/main_3124332/31243327619.20220310094902.jpg?type=f140,0,3
fpaRPvOq4304S8QR7WQaH,대형견 사료 도그온,https://shopping-phinf.pstatic.net/main_8007193/80071931411.7.jpg?type=f140,1,2
fzVmkP4DJ8jAY1lS9JxnC,go 고 연어 LID수제간식,https://shopping-phinf.pstatic.net/main_8454160/8454160001.10.jpg?type=f140,1,3
f2msdQjBcfaQcEHeJv9JX,반해 l 카르나4 강아지 샘플 / 적합성&기호도 테스트용,https://shopping-phinf.pstatic.net/main_8312877/83128778022.jpg?type=f140,1,2
fbbEEk4o4hVMBAgzsQERY,맥아담스 방목 치킨 사료 소형견용,https://shopping-phinf.pstatic.net/main_2104789/21047893041.20191009113517.jpg?type=f140,0,3
fBqThTvUKZvPSisnmahb0,하이독 당뇨 기능식 사료 저탄수 저지방 혈당관리 케어브이 라이트 다베틴,https://shopping-phinf.pstatic.net/main_3467387/34673878105.1.jpg?type=f140,0,2
fzGs0kY8RNS7qYpzAi696,하이독 구강 기능식 사료 입냄새 치석 출혈 염증 케어브이 라이트 덴프틴,https://shopping-phinf.pstatic.net/main_3467380/34673809573.1.jpg?type=f140,0,2
fzcCogoEOtP7Ek16Rr83x,위시본 독 그레인프리 강아지사료 애견사료 소고기,https://shopping-phinf.pstatic.net/main_8241197/82411974193.11.jpg?type=f140,1,3
fKFGPW7B49nLuRDwnJzBx,오가닉스토리 연어 가수분해 건식 눈물 사료 비숑 말티즈 푸들 하이포알러제닉,https://shopping-phinf.pstatic.net/main_8242957/82429573725.1.jpg?type=f140,0,1
fbbMFZSAGKFV2k44KdX7l,ANF 6FREE 사료 애견 사료,https://shopping-phinf.pstatic.net/main_2247018/22470189919.20200413124428.jpg?type=f140,2,1
fdWBYAiFG2LGbMDPbMVUI,TOW 토우사료 그레인프리 강아지사료,https://shopping-phinf.pstatic.net/main_8313186/83131866826.jpg?type=f140,1,3
fAEWRhXy8MinSiGWO7Iin,고내추럴 고 LID 그레인프리 칠면조,https://shopping-phinf.pstatic.net/main_1294725/12947259591.20171212143854.jpg?type=f140,0,2
f4J0fjed2Z9EfgXJwpgwq,네츄럴코어 에코6 센시티브솔루션 연어 큰알갱이,https://shopping-phinf.pstatic.net/main_6004983/6004983678.20190226174519.jpg?type=f140,0,1
f41pRypsoTi0YxVdcZDkM,피니키 사료 가수분해 하이포알러지 양고기,https://shopping-phinf.pstatic.net/main_8225428/82254288787.15.jpg?type=f140,0,1
fHeVxfUx2bCj6ZtuBRLyY,네츄럴오 강아지/애견 사료,https://shopping-phinf.pstatic.net/main_2317955/23179559490.20200617133204.jpg?type=f140,0,1
fSDaP0U3mHGCA2V8QCQQb,청담닥터스랩 강아지 애견 가수분해 조인트 사료,https://shopping-phinf.pstatic.net/main_8291235/82912351748.24.jpg?type=f140,0,2
fuu6EHh6CrcbpL1J8TDiF,펫컴 미국 프리미엄 솔리드골드 마이티미니 치킨 전연령 반려견 강아지 사료,https://shopping-phinf.pstatic.net/main_3371673/33716736698.jpg?type=f140,1,2
f2y2XmBlBNrNmjwCxm8YZ,라포그 리얼인섹트 강아지 곤충사료또는 라포그덴탈츄3p,https://shopping-phinf.pstatic.net/main_8347296/83472968364.2.jpg?type=f140,0,2
fG3Ocu3k8DTfcUSyLY6ut,허즈사료 알러지 눈물사료,https://shopping-phinf.pstatic.net/main_8463096/84630965580.jpg?type=f140,1,3
fQpVmdaRz8CIGnPx8nwBJ,본아페티 플러스 강아지 눈물 눈 건강 연어 수제사료 저알러지 프리미엄 사료,https://shopping-phinf.pstatic.net/main_8453013/84530132141.1.jpg?type=f140,1,2
fitLrorXhz8OPJYh1eqg6,오픈팜 독 스튜 강아지 애견 회복식,https://shopping-phinf.pstatic.net/main_8317383/83173839026.1.jpg?type=f140,0,2
fMcu16nB5b5liVRPRg9da,테이스트오브와일드 토우 구운오리 고구마 강아지 사료,https://shopping-phinf.pstatic.net/main_1597776/15977764780.20200520115552.jpg?type=f140,1,3
fwNMzkCuw30qELrppGJBY,피니키 강아지백내장 예방 가수분해 하이포알러지 사료,https://shopping-phinf.pstatic.net/main_8233511/82335113929.6.jpg?type=f140,0,3
fXlDEX0EoLTUa9f0GBR71,더리얼그레인프리 크런치 소고기 어덜트,https://shopping-phinf.pstatic.net/main_2003494/20034949538.20190703171719.jpg?type=f140,0,3
fZGC6rX55BAjWgT217USW,속이 편한 강아지 발효사료 소프트발란스 기호성 좋은 반습식 피부와 위장,https://shopping-phinf.pstatic.net/main_8290146/82901469585.2.jpg?type=f140,1,2
fIIaYuMQTwkajaXs5Kp8D,본아페티 플러스 프리미엄 강아지 눈건강 연어 수제사료,https://shopping-phinf.pstatic.net/main_8453013/84530132142.1.jpg?type=f140,1,2
fYzmCLo9xiaoWWK35Yir4,다빈치소분포장 피부 알러지 가수분해 맛있는 생육 강아지사료,https://shopping-phinf.pstatic.net/main_8193301/81933012163.6.jpg?type=f140,2,3
fKjJ02C6hWWlBi9LyruFF,레시펫 수비드 강아지화식 저지방 3세대 자연식 골라담기,https://shopping-phinf.pstatic.net/main_3281127/32811271517.1.jpg?type=f140,0,2
f1ghD0upGfa87PJ4ZxHxN,피쉬포독 화이트피쉬 어덜트,https://searchad-phinf.pstatic.net/MjAxOTA1MjJfODQg/MDAxNTU4NDk5NTk3NTU3.LBVjlfJxog6jmUE3nV2kbZiBEwHBoYOSHGakxXt7XUUg.Hn1cOcxMZC9fLpBaaKiKIvFC3tZA2vxRrBq3tQEUZjEg.JPEG/414792-3bca1549-e3b7-4afa-be9d-bce7839cd11e.jpg?type=f200,2,3
f9DZAYBBnUTAGGmQF3yjv,라포그 사료 리얼 인섹트 곤충 밀웜 저알러지 추가 라포그덴탈츄5p,https://shopping-phinf.pstatic.net/main_8428230/84282301276.1.jpg?type=f140,0,2
fS3gGdCbcrw1pNx91wXL7,지그니쳐 그레인프리 강아지 눈물사료 송어 연어 알러지사료,https://shopping-phinf.pstatic.net/main_1230322/12303227065.4.jpg?type=f140,0,3
feowyKJkrwieEhQLimVfL,강아지 사료 샘플 / 마이펫닥터 인섹트 더 제로 알러지 / 시그니처 유기농 70%이상 함유 오가닉 사료,https://shopping-phinf.pstatic.net/main_8066400/80664008711.6.jpg?type=f140,2,1
fFD5nO7mHnY4eWt3Hpl1n,네츄럴랩 케어3 피부 알러지 유기농 기능성 사료,https://shopping-phinf.pstatic.net/main_3096175/30961751618.20220216171650.jpg?type=f140,1,1
fF44brFlINUaTJ6YDZXQj,ANF 6free 플러스 소고기연어 등,https://shopping-phinf.pstatic.net/main_8445519/84455197540.jpg?type=f140,1,1
f6Z3kMI5cZMcWrQ0Yi7JK,엔토벳 인섹트 강아지곤충사료 하이포알러제닉 그레인프리 설채현사료 어덜트 독,https://shopping-phinf.pstatic.net/main_8423750/84237500592.4.jpg?type=f140,1,3
fU7WevCghJdkkDPnU4UCF,Herz 허즈사료 샘플 LID 강아지 알러지 눈물사료,https://shopping-phinf.pstatic.net/main_8204644/82046445072.1.jpg?type=f140,1,3
fnCzxKDV1RD5Oy9bdGEW3,아카나 어덜트 스몰브리드+소분포장+모짜렐라치즈+봉제인형,https://shopping-phinf.pstatic.net/main_8199977/81999779850.2.jpg?type=f140,2,3
fj3E2iWK3eIjuvBQ1WnW3,ANF 램 홀리스틱 올라이프 스테이지 중간 입자,https://shopping-phinf.pstatic.net/main_3120000/31200005620.20220307105719.jpg?type=f140,0,2
fcDoSYXM35mw7UXC85gDb,베네핏 처방식 싱글프로틴 강아지 사료,https://shopping-phinf.pstatic.net/main_8251104/82511049684.3.jpg?type=f140,0,2
fSSS1FeGwzie6I4MpritF,오리젠 피트앤트림 독+소분봉투 밀크야채크래커 봉제인형,https://shopping-phinf.pstatic.net/main_8209581/82095818543.2.jpg?type=f140,3,3
fOv0Ovj7P3Xaqgn7kuj7R,강아지 화식 20팩 이상 골라담기,https://shopping-phinf.pstatic.net/main_8295565/82955651725.3.jpg?type=f140,0,2
fEmuVr6RvCcFSwxi0ST9g,더리얼그레인프리 오븐베이크드 소고기 어덜트,https://shopping-phinf.pstatic.net/main_2318181/23181817490.20200617180815.jpg?type=f140,0,3
fQ7Ta0FW2i636fXdeb78y,피너클 송어 고구마,https://shopping-phinf.pstatic.net/main_3249357/32493573371.jpg?type=f140,0,2
f11czGYWFVY1g6EePAoM3,프로네이처 독 라이프 핏 그린 대용량 대형견 홀리스틱 그레인프리 강아지사료,https://shopping-phinf.pstatic.net/main_8301574/83015749984.2.jpg?type=f140,1,2
fuWSg3MhFRws8a5Qgx0EA,뉴질랜드 자연방목 위시본 강아지 사료 연어,https://shopping-phinf.pstatic.net/main_8265191/82651914081.3.jpg?type=f140,0,1
fMqcvggtOfw6RqscWUyAJ,강아지 화식 습식 사료 수제 간식 아침한끼 연어 먹어보개,https://shopping-phinf.pstatic.net/main_8420457/84204575457.2.jpg?type=f140,0,2
f7XAK3LYIMzmOpdC2tx5D,테이스트오브네이처 강아지 화식 자연식,https://shopping-phinf.pstatic.net/main_8256894/82568943117.6.jpg?type=f140,0,2
fWjpEByKKE7AsHc3TPTJu,더리얼그레인프리 오븐베이크드 소고기 시니어,https://shopping-phinf.pstatic.net/main_2415046/24150464522.20201215143957.jpg?type=f140,0,3
fot47RKi5NcMibyOFdEJ6,강아지 반건조 사료 소프트밥 반습식사료,https://shopping-phinf.pstatic.net/main_8178698/81786983927.1.jpg?type=f140,0,2
fPZlECdXlEQnLrKCpvme4,아보덤 조인트헬스 그레인프리 피부 관절사료,https://shopping-phinf.pstatic.net/main_1299495/12994954195.9.jpg?type=f140,0,3
fOF8CycIIso1LfmVwN479,오리젠 6 식스 피쉬 독,https://shopping-phinf.pstatic.net/main_1154011/11540117219.2.jpg?type=f140,1,2
fSNp5oztbjpYDmzIyUhKv,지위픽 독 식품 닭고기,https://shopping-phinf.pstatic.net/main_2080909/20809095551.20190904095002.jpg?type=f140,1,3
fynGeO2aynxFAEoDTVwzu,로얄캐닌 강아지사료 미니인도어 어덜트 대용량 무료배송 이벤트 행사,https://shopping-phinf.pstatic.net/main_8177695/81776955621.6.jpg?type=f140,0,2
fChjv8IeoJZ6d5oVQaxKW,지위픽 독식품 트라이프 양고기,https://shopping-phinf.pstatic.net/main_1487138/14871387658.20220729162109.jpg?type=f140,0,3
fLatnafdpVaSJQ9s6Bvf0,내추럴발란스 LID 닭고기 고구마 도그 포뮬라,https://shopping-phinf.pstatic.net/main_2216690/22166903740.20210301120133.jpg?type=f140,2,2
fcIamF4JXrVtT4HIgnD63,라포그 사료 추가 리얼 인섹트 관절 강아지 저알러지,https://shopping-phinf.pstatic.net/main_8448364/84483643737.1.jpg?type=f140,0,2
fNG0ab5Uq9Lzp0cwIaIdt,버틀러 더텐 소프트 알러지케어 인섹트,https://shopping-phinf.pstatic.net/main_8316732/83167324850.8.jpg?type=f140,1,2
f81AESr2ZYhfOCbP9SHaj,하이독 강아지화식 주식 특식 수제사료 오리불고기,https://shopping-phinf.pstatic.net/main_9834765/9834765290.14.jpg?type=f140,0,2
f60KS51xdhyr66vK8perh,힐스 강아지 독 메타볼릭 metabolic 다이어트 체중관리 당뇨 사료,https://shopping-phinf.pstatic.net/main_8420988/84209881410.1.jpg?type=f140,0,2
fT5Msh7gpWax9xYcgkw6f,버틀러 더텐소프트 비프&조인트케어 이크린 1매 10개 강아지 사료,https://shopping-phinf.pstatic.net/main_8463106/84631060124.1.jpg?type=f140,2,1
fKdzQXegQF5xkUfOwbBoM,세니메드 강아지 처방사료 / / 대용량 이벤트 행사,https://shopping-phinf.pstatic.net/main_8339672/83396720530.jpg?type=f140,0,2
fNvpb37z0yXRbJEOoPpyF,지위픽 독캔 강아지캔 사슴고기 습식사료,https://shopping-phinf.pstatic.net/main_8317061/83170610267.5.jpg?type=f140,0,2
fSVPfGDQUAfXGoY3VPzhb,워프 와일드베니슨 동결건조 전연령 사료,https://shopping-phinf.pstatic.net/main_2830361/28303619554.20210805112649.jpg?type=f140,0,3
fkQAvPDAZccOATSBrrIjo,아미오 홀리스틱 오리진 어덜트 시니어 슬림업,https://shopping-phinf.pstatic.net/main_8300783/83007830986.jpg?type=f140,1,2
f84CeLtW4Ydgg6q0eSkus,게더 엔드리스 벨리 비건 레시피,https://shopping-phinf.pstatic.net/main_2033564/20335644107.20190722121020.jpg?type=f140,1,1
fMWpJkXKu3U7M3cDM6xwV,프론티어 동결건조 사료 포크,https://shopping-phinf.pstatic.net/main_8458195/84581954552.1.jpg?type=f140,3,3
f58Hn3iuoZT4m23BIw0oM,닥터독 다이어트 칠면조 사료,https://shopping-phinf.pstatic.net/main_1547004/15470049004.20190712130633.jpg?type=f140,0,1
fsvJ62v5uzzZxKRS5vNx2,로투스 도그 오븐베이크드 시니어 사료,https://shopping-phinf.pstatic.net/main_8222255/82222558824.12.jpg?type=f140,1,3
f7kGXDSAwahLxbPmnflKa,요세라독 하이포알러제닉 강아지사 소형견 중형견 대형견 그레인프리 다이어트 알러지,https://shopping-phinf.pstatic.net/main_8382541/83825412444.5.jpg?type=f140,1,3
fX5kv8acVWXjKw3hj7JrZ,헤일로 강아지사료 어덜트 저알러지식 가든오브비건,https://shopping-phinf.pstatic.net/main_8297788/82977887387.3.jpg?type=f140,1,2
fRBNEbpY1xctaVq4q3CAA,"닥터썸업 닭고기와 완두콩, 연어와 카놀라오일 강아지 관절 피부 건강사료",https://shopping-phinf.pstatic.net/main_8261110/82611105487.jpg?type=f140,1,2
fOwnW6uNoyb6K2VL80xbb,토탈 눈물 사료 이퀄리브리오 어덜트 라이트,https://shopping-phinf.pstatic.net/main_1105171/11051710673.9.jpg?type=f140,1,2
fy96TAtBlPlnfDOb3ESHC,뉴질랜드 자연방목 위시본 강아지 사료 오리고기,https://shopping-phinf.pstatic.net/main_8300296/83002966171.1.jpg?type=f140,0,1
fW88Vn5oWtbDNZPheOJKN,내추럴발란스 야채 도그 포뮬라,https://shopping-phinf.pstatic.net/main_2216690/22166903741.20210301115640.jpg?type=f140,1,2
foIIqQtxl87DIB1EEmGW1,나우사료 강아지 건식 스몰브리드 어덜트,https://shopping-phinf.pstatic.net/main_1232582/12325828530.20210121101943.jpg?type=f140,0,3
fOoaz0FhOsdfukVwjBYXn,내추럴발란스 오리지날 울트라 닭보리 포뮬라,https://shopping-phinf.pstatic.net/main_2217438/22174383026.20220302121237.jpg?type=f140,1,2
fg57jueWYfrC4NEY2zVDl,씽크라이크펫 강아지 화식 자연식 사료 맛보기 골라담기,https://shopping-phinf.pstatic.net/main_8396449/83964497134.1.jpg?type=f140,0,2
fxUed3vx2jXn2bDjQBARb,멍이방앗간 강아지 화식 자연식,https://shopping-phinf.pstatic.net/main_8244251/82442515598.1.jpg?type=f140,0,2
f5fgtEkj6E3KNkGVHNtub,목우촌 펫9단 강아지사료사은 포메라니안,https://shopping-phinf.pstatic.net/main_8178603/81786035952.5.jpg?type=f140,0,2
fiGTxfG8ozre9OUenHaJE,나우 어덜트 스몰브리드,https://searchad-phinf.pstatic.net/MjAyMDA4MDdfMTE1/MDAxNTk2NzYxMTU2NzQ3.d0xWChCM9xmLpYmKD7IhX5x2m31_H5jPiItEOnCt4Rgg.6rz7UIxGBp26UAEbIKtqroxTfLtfLOpVwLh1048_Jycg.JPEG/1442235-4b7235d3-357c-4391-a378-9ddd372ac3e6.jpg?type=f200,2,3
fVem0hBGr200RDfKiHdvR,오리젠 오리지널 어덜트,https://shopping-phinf.pstatic.net/main_2003507/20035078021.20190703125804.jpg?type=f140,1,2
fJANewMkTRAhBrO5jXmF1,닥터맘마 강아지 촉촉사료 심장 애견 화식 습식 사료,https://shopping-phinf.pstatic.net/main_1170303/11703030604.12.jpg?type=f140,0,2
fPxwls2LqwdHPNcDbAciA,웰츠 독 저지방다이어트 어덜트 아이케어,https://shopping-phinf.pstatic.net/main_2297524/22975243490.20200527171604.jpg?type=f140,0,2
fY05Z3SrobMoZKRgRyvrZ,닥터맘마 강아지 신장 촉촉사료 애견 습식 화식 사료,https://shopping-phinf.pstatic.net/main_8443773/84437733702.1.jpg?type=f140,0,2
fk4gxdoQ7YdIXzsX8UIVi,아카나 패시피카 강아지 사료,https://shopping-phinf.pstatic.net/main_1564517/15645175265.20181011102533.jpg?type=f140,0,2
fgcxHrVTJATDHC5snVjpP,허즈사료 알러지 눈물 사료,https://shopping-phinf.pstatic.net/main_8463096/84630965580.jpg?type=f140,1,3
fexco94lGDcrj4D3HSsG8,웰츠 독 저지방 다이어트,https://searchad-phinf.pstatic.net/MjAyMTEwMjdfMTQ4/MDAxNjM1MzQ1MjYwMTc2.X5sxXRMFaZV1P95krhpLs7OpcqZlKBhBSmI5qhPX9-Eg.-ycfnzB7QNs5t8p_VK7rgtzB71Z0DuGNkG-G9iOrfrEg.PNG/1665057-c404211a-4940-43ec-9a46-62fa507a2e1a.png?type=f200,1,2
f6TAjROH3rR4uy0xntIoG,맘앤대디 코박사료 그레인프리 연어와 강황,https://shopping-phinf.pstatic.net/main_1215383/12153839641.jpg?type=f140,2,3
fbz9igVHUB7EFfxRPcDZb,내추럴발란스 브이알에스 리스토어 신장 처방식사료,https://shopping-phinf.pstatic.net/main_3113331/31133311625.20220302151756.jpg?type=f140,1,3
faAX9N0pYEXEBpTonP7l4,카르나4 강아지사료샘플 노령견 대형견 이지츄 그레인프리 피쉬,https://shopping-phinf.pstatic.net/main_8283671/82836718658.2.jpg?type=f140,0,3
fe0Y4s6jpd3cDJ5oUw72E,네츄럴코어 에코2 오리고기 애견사료 강아지사료,https://shopping-phinf.pstatic.net/main_1185776/11857765392.20191231162741.jpg?type=f140,1,1
fIbpn9uxbLdl95qe3Uxgh,닥터독 피부모질 사료 연어 빠른배송,https://shopping-phinf.pstatic.net/main_8286544/82865446186.1.jpg?type=f140,1,1
fggfYwGqb663siXibDaii,ANF 유기농 6프리 연어,https://shopping-phinf.pstatic.net/main_2247018/22470189919.20200413124428.jpg?type=f140,0,1
fVb0eFjkg6ulRSURSUMjf,반해 l 오리젠 퍼피 / 계량컵&급여량 계산,https://shopping-phinf.pstatic.net/main_8209300/82093000512.4.jpg?type=f140,1,2
fo5ZWdsgFVVR7BMV7Ryzl,인섹트업 하이포알러지 저알러지 곤충 사료 강아지 유기농 피모 조인트 관절 피부,https://shopping-phinf.pstatic.net/main_8203741/82037419482.2.jpg?type=f140,1,3
fXqztagwoAH2yAQ7fNawX,라비앙독 가수분해 유기농 70%이상 연어 강아지 피부 눈물 알러지 샘플 사료,https://shopping-phinf.pstatic.net/main_8308052/83080523741.6.jpg?type=f140,1,4
fZqyuporngGeOQc4y5NGU,담아본 소프트사료 면역력증진 소고기&홍삼 강아지 전연령 반습식사료,https://shopping-phinf.pstatic.net/main_8367554/83675544144.1.jpg?type=f140,0,3
fvixOeNCuZoCHT9Zrh1dK,펠리쿠치나 반 습식 사료+랜덤,https://shopping-phinf.pstatic.net/main_8463109/84631099092.1.jpg?type=f140,2,3
f45EvWH2EKM4j2tttr3hg,피니키 밀웜 크릴 유기농 가수분해 하이포알러지 인섹트 강아지 사료,https://shopping-phinf.pstatic.net/main_8390138/83901385264.4.jpg?type=f140,1,1
fYQNzmDeRslyeofWZ2MZf,빈티지 오븐프레쉬 강아지 사료 싱가폴 육포 2개 물소 밀크 스틱껌1개 추가,https://shopping-phinf.pstatic.net/main_8457423/84574237808.1.jpg?type=f140,1,3
fv50vw8uVdRmztaB5WIEa,뉴트리언스 서브제로 강아지사료 프레이져 밸리 동결건조 눈물사료,https://shopping-phinf.pstatic.net/main_8204371/82043712303.2.jpg?type=f140,0,3
ffy28EhtLLxsivM8SBRYZ,네츄럴코어 센시티브케어 베지 사료,https://shopping-phinf.pstatic.net/main_2942539/29425397621.20211027144203.jpg?type=f140,1,1
fXrJchJzO7EiJjazTyJBO,메라 퓨어센시티브 미니 칠면조&쌀 독 강아지 가수분해 알러지 말티즈 말티푸 푸들 포메라니안 비숑 사료,https://shopping-phinf.pstatic.net/main_8387389/83873894711.1.jpg?type=f140,2,3
f0n9sTy3mVJ3oxERVOufa,오리젠 스몰브리드,https://searchad-phinf.pstatic.net/MjAyMjA3MjdfMjgg/MDAxNjU4OTMxMjA3MjE5.YWw6kLQ3CuyziX09kce9Ogc4DdQzSJVEOYF6QELtUN0g.kPujh4mnq3r9C7G2S8cNwewN8BGeG3LLGVY0sT6JvPUg.PNG/1283905-154bfe56-310f-4e4c-9aa8-444fbf7f6efe.png?type=f200,2,2
falubBhOowT8WQrYJjqPu,지위픽 독캔 강아지 습식사료 프로비넌스 하우라키 플레인지,https://shopping-phinf.pstatic.net/main_8270262/82702628949.7.jpg?type=f140,0,2
fJF59YeUjdjZj689rEBKx,인섹트도그 미니 하이포알러지 강아지 알러지 눈물사료,https://shopping-phinf.pstatic.net/main_8455316/84553168931.jpg?type=f140,0,3
fPQoW54pbC6mqHbhla4iB,펫큐리안 고 솔루션 LID 칠면조 레시피,https://shopping-phinf.pstatic.net/main_2415053/24150535522.20200914152754.jpg?type=f140,3,3
fbThKoK6HSvLKt5KxzmBz,피너클 송어 고구마 강아지 사료,https://shopping-phinf.pstatic.net/main_8453664/84536644938.jpg?type=f140,1,3
fPpStmu3qJTFGBWTaqXVP,지위픽 독 캔 양 소 닭 사슴고기 트라이프 고등어 모음 습식사료,https://shopping-phinf.pstatic.net/main_8245737/82457373259.jpg?type=f140,0,3
f1CHcL19zvyHRu7TFRwZq,ANF 식스프리 플러스 강아지 유기농 사료,https://shopping-phinf.pstatic.net/main_8243294/82432948871.12.jpg?type=f140,2,1
fS03uIcd4Tt0JKI7qk9dC,오리젠 사료 오리지날 독,https://shopping-phinf.pstatic.net/main_2003507/20035078021.20190703125804.jpg?type=f140,1,2
fH3RoyNgB0ah0eC6UMnL3,피너클 칠면조&펌킨,https://shopping-phinf.pstatic.net/main_2117616/21176161158.20220516162131.jpg?type=f140,0,2
fzZfDW9u6SG4rbxQfdKg0,웰썸 그레인프리 피부 눈물 관절 인섹트 사료,https://shopping-phinf.pstatic.net/main_8229415/82294155342.8.jpg?type=f140,2,3
fHOxBb4VWfy2fF53X779R,맛밀 강아지 화식 단품 자연 습식사료 골라담기,https://shopping-phinf.pstatic.net/main_8115656/81156568268.6.jpg?type=f140,0,2
f0j9YWBhZVd1FmDb7T2Am,ANF 6free 플러스 유기농 70%이상 강아지 사료 소고기와연어,https://shopping-phinf.pstatic.net/main_8107070/81070708466.10.jpg?type=f140,2,1
fkIwhKSDoubiTZ2mOthda,인섹트도그 베기도그 그레인프리 강아지 사료,https://shopping-phinf.pstatic.net/main_2248312/22483121929.20220607182429.jpg?type=f140,0,3
fYFd9UYbmfQsPVpByD1tL,아카나 라이트앤피트+소분봉투+모짜렐라치즈+봉제인형,https://shopping-phinf.pstatic.net/main_8319124/83191248469.2.jpg?type=f140,3,3
f4trV95c0QxDF3skGBqDP,밥이보약 DOG 알맞은 체중,https://shopping-phinf.pstatic.net/main_2088146/20881467339.20200609185217.jpg?type=f140,0,2
f8G4utc1jbqgKEzCtJYuv,이글벳 고 솔루션 LID 오리 레시피 강아지 사료,https://shopping-phinf.pstatic.net/main_3163388/31633882620.20220406102510.jpg?type=f140,0,3
fEbeIPzya7EJGGH5ozp6m,빈티지 오븐프레쉬 강아지 사료 연어청어,https://shopping-phinf.pstatic.net/main_8140649/81406494956.3.jpg?type=f140,1,3
fsuZnXKqf7dhXpJKBCnfB,지위픽 독 식품 양고기,https://shopping-phinf.pstatic.net/main_8258076/82580763469.13.jpg?type=f140,1,1
fmRInLacpuTqUPGciKOor,나우 강아지 애견 개 소형견 대형견 어덜트 사료,https://shopping-phinf.pstatic.net/main_1140991/11409916892.19.jpg?type=f140,1,3
fC3PiNWfVJ3KlFGrErB3u,오도독 처방식 사료 소포장,https://shopping-phinf.pstatic.net/main_1342377/13423775975.3.jpg?type=f140,0,4
fZVUEGUMjJuLTtN3GvHTq,오리젠 피트앤트림 독 소분봉투+치즈야채크래커+봉제인형,https://shopping-phinf.pstatic.net/main_2423955/24239551243.1.jpg?type=f140,0,3
fNg1VYbTX65it1748G44g,오리젠 오리지날소분봉투 치즈야채크래커 봉제인형,https://shopping-phinf.pstatic.net/main_8378882/8378882795.2.jpg?type=f140,3,3
fIKA4behlzLUt6rIQsK0B,토모조 곤충사료 눈물 알러지 인섹트사료 하이포알러지,https://shopping-phinf.pstatic.net/main_8300975/83009756049.4.jpg?type=f140,0,3
fD6vBNYV9Ypq6za0bE2sl,내추로 그레인프리주식캔 버라이어티팩,https://shopping-phinf.pstatic.net/main_8291117/82911175158.jpg?type=f140,0,3
fBP4jQ14qHvIemW9877Cj,리얼트리 퍼포먼스 고기능성 사료 대형견,https://shopping-phinf.pstatic.net/main_8463449/84634493036.jpg?type=f140,1,2
fc8GAiw5sMaivBXFbLIoQ,스텔라앤츄이스 로우 코티드 키블 와일드 코트 화이트피쉬,https://shopping-phinf.pstatic.net/main_2117443/21174438794.20191028101608.jpg?type=f140,1,3
f73WAB9kRi4ksHnwQzsnC,도그랑 클래식x3개강아지샘플10봉,https://shopping-phinf.pstatic.net/main_8209980/82099805995.2.jpg?type=f140,1,2
fRwddcF4RWZsjBwXSGjAy,강아지 눈물 피부 알러지 가수분해 사료 네추럴도그,https://shopping-phinf.pstatic.net/main_8295449/82954492178.11.jpg?type=f140,2,3
frGcubqaqeMmGcoQmI4vq,화이트도그 샘플키트,https://shopping-phinf.pstatic.net/main_8206217/82062175471.3.jpg?type=f140,2,2
f05C8ZXZjHZrZaeUB8eYN,코스트코 내츄럴 코어 연어 대용량 가수분해 애견 사료 전연령,https://shopping-phinf.pstatic.net/main_8334622/83346224893.jpg?type=f140,2,1
fOeIhAcrDOKgx8gpV1q67,네츄럴코어 에코1 가수분해 강아지 애견 사료 양고기 x 2포,https://shopping-phinf.pstatic.net/main_8608252/8608252937.19.jpg?type=f140,1,1
fDzPEsTSn5tidn4HxCnhN,웰니스 사료 심플 눈물 사료 강아지 알러지 피부 그레인프리 스몰브리드,https://shopping-phinf.pstatic.net/main_8258054/82580545924.9.jpg?type=f140,0,3
fsJN17rx44WJbWEljfZX4,벨포아 미니 강아지사료 샘플 3개 동애등에 인섹트사료 저알러지 눈물사료,https://shopping-phinf.pstatic.net/main_8300037/83000377423.1.jpg?type=f140,2,3
fiiayczyaQqfHxVDBC0Jn,강아지 사료 샘플 기호성테스트 울프베리 웰빙 퍼피독 추천 사료,https://shopping-phinf.pstatic.net/main_8325138/83251388218.3.jpg?type=f140,0,3
fwPziVrThTJheqZ6iYRNC,뉴트리언스 서브제로 강아지사료 프레이져밸리+동결간식,https://shopping-phinf.pstatic.net/main_8354695/83546959066.3.jpg?type=f140,1,2
fybtm2Hve26Y9cXqANP4h,지니펫 정관장 홍삼홀리스틱 전연령 강아지사료,https://shopping-phinf.pstatic.net/main_8360407/83604072687.3.jpg?type=f140,0,2
fQGZ1K6vhLQ3Q1Iep0Eyi,펫발란스 대형견 성견용 미디움&라지브리드 애견사료 강아지사료,https://shopping-phinf.pstatic.net/main_8177075/81770753695.2.jpg?type=f140,1,3
foC37FduQx4O31HG8N0yN,빅스비 사료 리버티 LID 치킨 스몰브리드,https://shopping-phinf.pstatic.net/main_8262964/82629641037.11.jpg?type=f140,3,2
fJbNQBQMvIlxM78O35RkI,로투스 도그 전연령 강아지 사료,https://shopping-phinf.pstatic.net/main_8416731/84167310799.6.jpg?type=f140,1,2
fmsAxK9FPgU7QxAdjGsxh,힐스 강아지 사료 다이어트 체중조절 어덜트 스몰포 라이트,https://shopping-phinf.pstatic.net/main_8270579/82705798941.6.jpg?type=f140,0,2
fHUSsQmG5FFUvaJ8r4z5d,네츄럴랩 케어4 다이어트 면역 유기농 기능성 사료,https://shopping-phinf.pstatic.net/main_3096142/30961429619.20220216172046.jpg?type=f140,0,1
fwxydujXuW5ZDsKJe4CPH,벅스펫 벅스독 오리지널 인섹트사료하이포알러제닉 밀웜 곤충사료 단백질,https://shopping-phinf.pstatic.net/main_8369393/83693930804.jpg?type=f140,1,1
fKVNI2OZD923g6WYrCs9t,"강아지 개 애견 사료 관절 피모 눈물자국 유산균 다이어트, 오요요 독 피모케어",https://shopping-phinf.pstatic.net/main_8411645/84116458786.jpg?type=f140,2,1
fqvB226vGq18C3Bdx3zrL,"강아지 개 애견 사료 관절 피모 눈물자국 유산균 다이어트, 오요요 독 피모케어",https://shopping-phinf.pstatic.net/main_8411645/84116458786.jpg?type=f140,0,1
f4lTN9E0MLxzYdRc7g4YP,웰츠 독 저지방다이어트 어덜트 관절케어,https://shopping-phinf.pstatic.net/main_8319801/83198014283.4.jpg?type=f140,1,2
f2wD9bN6zHS57YGaoVqL3,헤일로 강아지사료 퍼피 스몰브리드 독 서프&터프 모음전,https://shopping-phinf.pstatic.net/main_1329348/13293480702.jpg?type=f140,1,2
fRfCrKJo0Om9LyErWeAdv,메이에르 피부와 장에 좋은 수제 강아지 사료 그린밀 덕포독,https://shopping-phinf.pstatic.net/main_8216791/82167910805.4.jpg?type=f140,0,2
fZtUcJw5L7tGTUDaoiklw,빈티지 사료 오븐프레쉬 칠면조&청어,https://shopping-phinf.pstatic.net/main_8140649/81406494956.3.jpg?type=f140,0,3
f7getZIkRd0WzBmEZnvLK,웰츠 독 강아지사료 저지방다이어트,https://shopping-phinf.pstatic.net/main_8319801/83198014283.4.jpg?type=f140,0,2
fULU3Ek5pFXh4WTtMbt5Y,LID 고구마 앤 연어 강아지 사료,https://shopping-phinf.pstatic.net/main_1481662/14816622031.20180718104343.jpg?type=f140,2,3
fgQd6Fhfkm6MRQfNhNhMn,나우 그레인프리 스몰브리드 강아지사료 어덜트,https://shopping-phinf.pstatic.net/main_1232582/12325828530.20210121101943.jpg?type=f140,1,2
fa5iNr4Eocw5eeP7cNY64,카루 데일리 디쉬 칠면조 스튜,https://shopping-phinf.pstatic.net/main_2133570/21335701855.20191119122823.jpg?type=f140,0,2
fkUCtdLIlS1sP7MsQO3cn,프로바이오밀 오리,https://shopping-phinf.pstatic.net/main_3163494/31634947620.20220406100655.jpg?type=f140,0,3
f52cnirqj8rd1kyc9EC4x,토탈 이퀼리브리오 퍼피 강아지눈물사료,https://shopping-phinf.pstatic.net/main_8406528/84065287260.8.jpg?type=f140,1,2
