item_sno,name,image,material,effect
TVkLrR2w1vf8HE08GHQr7,로이코 혼자있는 강아지 분리불안 예방 노즈워크 장난감 자동 지급기 트릿토이 베이직세트,https://shopping-phinf.pstatic.net/main_8335490/83354908655.15.jpg?type=f140,플라스틱,"자동으로 움직이는, 간식넣는, 분리불안해소"
TjXxUD3OYJi3n0QRJk50e,100% 천연원목 강아지 장난감 우드스틱 터그놀이 커피나무 이갈이 장난감 XXS - 본품,https://shopping-phinf.pstatic.net/main_8300196/83001965222.8.jpg?type=f140,원목,"치석케어, 흥미유발, 분리불안해소"
TSLbiYQ3OJAy0go3xZ30P,강아지 장난감 콩장난감 퍼피 XS,https://shopping-phinf.pstatic.net/main_8239639/82396392985.3.jpg?type=f140,플라스틱,"간식넣는, 물에뜨는, 분리불안해소"
TlzL1QEfR516GzqNZ77Ys,강아지 장난감 터그놀이 이갈이 삑삑이 세트,https://shopping-phinf.pstatic.net/main_8345948/83459485613.2.jpg?type=f140,실/끈,"소리나는, 치석케어, 흥미유발"
Te1L7JD2Q0R723p0EZDM7,강아지 만득이 인형 칼리 공 놀이 삑삑이 라텍스 장난감,https://shopping-phinf.pstatic.net/main_2633810/26338106910.20220331031707.jpg?type=f140,고무/실리콘,"소리나는, 치석케어, 흥미유발"
TXGnT9194ASE2IssO77wf,패리스독 강아지 장난감 스몰볼 라텍스 토이 1개,https://shopping-phinf.pstatic.net/main_8350247/83502476568.14.jpg?type=f140,고무/실리콘,"소리나는, 흥미유발, 분리불안해소"
T5h9xz6FW2puwZcT549c1,늠름댕냥 강아지 장난감 이갈이 치석제거 터그 놀이 실타래 베이직 로프,https://shopping-phinf.pstatic.net/main_8353069/83530694243.1.jpg?type=f140,합성섬유,"소리나는, 치석케어, 분리불안해소"
T6fRkJzI87Ya1z8w54Z42,이모펫 강아지 소형견 중형견 대형견 애착 인형 이갈이 삑삑이 치석제거 터그 놀이 간식 장난감 실타래 공,https://shopping-phinf.pstatic.net/main_8225065/82250651569.6.jpg?type=f140,합성섬유,"소리나는, 간식넣는, 치석케어"
TKu41MdBENSBUyxX3b44w,두잉비잉 강아지 이갈이 터그놀이 장난감 로프토이 사탕로프,https://shopping-phinf.pstatic.net/main_8369379/83693795330.10.jpg?type=f140,폴리에스테르,"소리나는, 치석케어, 분리불안해소"
T7iCh4sh4V5f2yzvvf5M5,펫스테이지 강아지 커피나무 나무스틱 우드스틱 이갈이 장난감 XS,https://shopping-phinf.pstatic.net/main_8219937/82199378042.5.jpg?type=f140,원목,"치석케어, 흥미유발, 분리불안해소"
TH4G3q14Ov0L2ZsIbs7z2,강아지 장난감 우드스틱 커피나무 이갈이 가리츄XS,https://shopping-phinf.pstatic.net/main_8375053/83750535673.5.jpg?type=f140,원목,"치석케어, 흥미유발, 분리불안해소"
T0b6VMZ9ii0vXr2vi1C3B,강아지 터그놀이 장난감 S 치석제거 이갈이,https://shopping-phinf.pstatic.net/main_1265978/12659781236.18.jpg?type=f140,실/끈,"치석케어, 두뇌개발, 흥미유발"
ThC7dGU1n76Vc3HEJ7581,강아지 대형견 이갈이 터그놀이 튼튼 실타래 치석제거 로프 장난감,https://shopping-phinf.pstatic.net/main_8244624/82446241865.10.jpg?type=f140,실/끈,"치석케어, 흥미유발, 분리불안해소"
T8W7j5j4jSK005Vg7alxD,강아지 라텍스 장난감 칼리 스위티 랜덤,https://shopping-phinf.pstatic.net/main_8292558/82925586678.7.jpg?type=f140,고무/실리콘,"소리나는, 흥미유발, 분리불안해소"
T7IvvD6nEmQgngJyVDcm9,커피나무로 만든 커피츄 100% 강아지 우드 스틱 이갈이 장난감 XXS,https://shopping-phinf.pstatic.net/main_8241785/82417859645.2.jpg?type=f140,원목,"치석케어, 흥미유발, 분리불안해소"
T88Ox24t6Z0LLbi3dLNGb,강아지 콩토이 콩클래식 소 장난감,https://shopping-phinf.pstatic.net/main_8239467/82394674084.8.jpg?type=f140,플라스틱,"두뇌개발, 흥미유발, 분리불안해소"
TD17TcY6Vvh2VgJ5T0Ar6,디어테일 새장난감 강아지장난감 움직이는 장난감 고양이 앵무새 날아다니는,https://shopping-phinf.pstatic.net/main_8443511/84435111480.jpg?type=f140,플라스틱,"자동으로 움직이는, 흥미유발, 분리불안해소"
TW897Px6DU2vKQqB2qiQx,생활픽 강아지 우드스틱 커피나무 나무스틱 이갈이장난감 XS,https://shopping-phinf.pstatic.net/main_8452576/84525761382.2.jpg?type=f140,원목,"치석케어, 흥미유발, 분리불안해소"
T6f4wrkdS1p8UK4TlG9ge,로이코 핑퐁볼 강아지 노즈워크볼 장난감 공,https://shopping-phinf.pstatic.net/main_8452321/84523211229.1.jpg?type=f140,고무/실리콘,"간식넣는, 페치게임, 분리불안해소"
TS3jJ9Nn23hbF0AUc4p6U,디스독왓캣 강아지 터그놀이 이갈이 장난감 당근 터그 로프,https://searchad-phinf.pstatic.net/MjAyMjA4MjJfMjA2/MDAxNjYxMTQxNDM1ODA2.uLbuIVgqV-sane9Ht28NV3jK-m83rg5Ix7_MHiYXfbMg.GCsRbCUWCQm6JRx0o955u_T3S8yzKKkvn7exPsbY6VQg.PNG/1164643-919cfe24-d8ec-4768-8283-57bd3408c6cb.png?type=f200,,"치석케어, 흥미유발, 분리불안해소"
Tnvli4h71R677RzOHmZJx,멍해묘해 강아지 노즈워크 장난감 당근밭 놀이터,https://shopping-phinf.pstatic.net/main_2958171/29581714197.20220419163203.jpg?type=f140,폴리에스테르,"간식넣는, 두뇌개발, 흥미유발, 분리불안해소"
TFMwIo0GRUu79B614o6Np,웨스티 강아지 만득이 공 삑삑이 라텍스 장난감 그린,https://shopping-phinf.pstatic.net/main_8337324/83373243735.6.jpg?type=f140,고무/실리콘,"소리나는, 흥미유발, 분리불안해소"
TCd0Me2032R5jm2YjyKqu,강아지장난감 바스락돼지바 애견터그놀이 이갈이,https://shopping-phinf.pstatic.net/main_9734258/9734258111.8.jpg?type=f140,고무/실리콘,"소리나는, 간식넣는, 치석케어"
TUXTS10kF3U7R1ga229cA,강아지 고양이 이갈이 장난감 터그놀이 치발기 세트,https://shopping-phinf.pstatic.net/main_8302286/83022861731.10.jpg?type=f140,실/끈,"치석케어, 흥미유발, 분리불안해소"
Tgkpe1a5HG7Ofop1zK0In,두키 강아지장난감 바나나인형 애견 삑삑이,https://shopping-phinf.pstatic.net/main_8406487/84064876487.jpg?type=f140,,"소리나는, 치석케어, 흥미유발"
T127FrrWKw4B5KngfQTLN,헬로도기 무독성 천연고무 강아지장난감 애견장난감 이갈이 치석제거 가시아령공 장난감,https://shopping-phinf.pstatic.net/main_8205095/82050958069.1.jpg?type=f140,,"두뇌개발, 흥미유발, 분리불안해소"
TgpOnCBD56s7wt489JSdP,"버디부 버디볼V2, 노즈워크 피트니스 볼 자동장난감 강아지장난감",https://shopping-phinf.pstatic.net/main_2854436/28544369450.jpg?type=f140,합성섬유,"소리나는, 자동으로 움직이는, 간식넣는, 두뇌개발, 흥미유발, 분리불안해소"
TgUKz92iop8Z77Z2jzaSm,강아지 노즈워크 분리불안 훈련 담요 스너플매트 중대형,https://shopping-phinf.pstatic.net/main_8000911/80009113836.1.jpg?type=f140,폴리에스테르,"간식넣는, 두뇌개발, 분리불안해소"
Te397RX8Z5zK49jx431Hg,[강아지 장난감] 콩 KONG 클래식 분리불안 해결 세나개,https://shopping-phinf.pstatic.net/main_1152673/11526732013.jpg?type=f140,고무/실리콘,"간식넣는, 두뇌개발, 분리불안해소"
TWr923sV5BC5t6gbix96x,강아지 노즈워크 분리불안 훈련 간식장난감 클립 - 요기 푸드클립,https://shopping-phinf.pstatic.net/main_1169228/11692282974.5.jpg?type=f140,플라스틱,"간식넣는, 흥미유발, 분리불안해소"
TsZn2218DrX0Q0ULHMNfS,강아지 장난감 이갈이 무독성 고무공 과일 라텍스 토이,https://shopping-phinf.pstatic.net/main_8140769/81407692882.2.jpg?type=f140,고무/실리콘,"소리나는, 흥미유발, 분리불안해소"
T253a9lG594NeO6v149Rr,풀러 강아지 애견 터그 놀이 독토이 반려견 대형견 장남감 이갈이 훈련 교육 용품 마이크로,https://shopping-phinf.pstatic.net/main_8241681/82416815521.4.jpg?type=f140,,"물에뜨는, 흥미유발, 분리불안해소"
T0Y1bsNon4xDt1VYTQYA7,오리 슬리핑 애착 삑삑이 인형 보들보들 강아지장난감,https://shopping-phinf.pstatic.net/main_2407516/24075167574.20200908023906.jpg?type=f140,,"소리나는, 흥미유발, 분리불안해소"
Tl8IXs2TSlK8fB0K29Pq5,PETCA 강아지 장난감 터그놀이 이갈이 밧줄 강아지장난감 E세트,https://shopping-phinf.pstatic.net/main_8406527/84065271469.1.jpg?type=f140,실/끈,"치석케어, 흥미유발, 분리불안해소"
TH0T10jw4IJl7DzKeZXUC,댕댕포유 애견 실타래 치실토이 장난감 터그놀이,https://shopping-phinf.pstatic.net/main_8453635/84536352637.1.jpg?type=f140,,"치석케어, 두뇌개발, 분리불안해소"
TdKmc4ioS7q7nBSrnrQ8R,커피츄 강아지 간식 커피나무 1개,https://shopping-phinf.pstatic.net/main_2655968/26559681833.20220108005637.jpg?type=f140,원목,"치석케어, 분리불안해소"
Tb444GrjD297B80Nx4eGO,르케 강아지 노즈워크 장난감 실리콘 매트,https://shopping-phinf.pstatic.net/main_8362206/83622066268.1.jpg?type=f140,고무/실리콘,"간식넣는, 두뇌개발, 분리불안해소"
Tc0iA2Xz4LDvYTz85TN3p,강아지 노즈워크 문어 장난감,https://shopping-phinf.pstatic.net/main_8454441/84544416893.1.jpg?type=f140,폴리에스테르,"간식넣는, 흥미유발, 분리불안해소"
Tf0homt8lqg4f0sJwy16f,두뇌 자극 반려견 노즈워크 무소음 장난감,https://shopping-phinf.pstatic.net/main_8440780/84407806812.jpg?type=f140,고무/실리콘,"간식넣는, 두뇌개발, 분리불안해소"
T35MW7e278r34vdfxmzu9,강아지장난감 흥미유발 뼈다귀실타래,https://shopping-phinf.pstatic.net/main_1176538/11765381481.1.jpg?type=f140,고무/실리콘,"간식넣는, 치석케어, 분리불안해소"
Tlzz4mdfpk0Ei3UVFUYA3,바잇미 개리보 반려동물 젤리곰 장난감 삑삑,https://shopping-phinf.pstatic.net/main_2406991/24069910373.20200907170727.jpg?type=f140,폴리에스테르,"소리나는, 흥미유발, 분리불안해소"
TAs90fc4y2fr3nQo5kDm0,강아지 이갈이 반려견 교육용 치석제거 장난감,https://shopping-phinf.pstatic.net/main_8468937/84689371362.jpg?type=f140,,"소리나는, 물에뜨는, 치석케어"
TLCdu7lhVJb8CR7NkuXXK,베네본 위시본 덴탈츄 치석제거 덴탈장난감,https://shopping-phinf.pstatic.net/main_8429715/84297152354.1.jpg?type=f140,고무/실리콘,"치석케어, 흥미유발, 분리불안해소"
TmqQVpY3T2J3uja7urjx4,강아지 장난감 린넨 청둥오리,https://shopping-phinf.pstatic.net/main_8370365/83703658301.jpg?type=f140,식물추출물,"소리나는, 흥미유발, 분리불안해소"
TsT75h9IV530drOI6Ch6A,나이스 강아지 터그놀이 장난감 6종세트 실타래 애견 노즈워크 치석제거 로프 공,https://shopping-phinf.pstatic.net/main_8420065/84200659265.jpg?type=f140,실/끈,"간식넣는, 두뇌개발, 흥미유발"
Tm5Qvqh34vA1zco7SR9AB,PETCA 강아지 장난감 터그놀이 삑삑이 이갈이 강아지장난감인형 A TYPE,https://shopping-phinf.pstatic.net/main_8392858/83928585160.1.jpg?type=f140,합성섬유,"소리나는, 흥미유발, 분리불안해소"
TUGa0UZJrml92q2UA8m4j,어답트미 댕댕약국 강아지 노즈워크 장난감 5종 세트,https://shopping-phinf.pstatic.net/main_8418491/84184912099.2.jpg?type=f140,,"간식넣는, 두뇌개발, 분리불안해소"
To1f9ewxhtG1yazwwLn31,비나츄 XS 100% 커피 나무 우드스틱 강아지 장난감 이갈이 간식 도그 개껌,https://shopping-phinf.pstatic.net/main_8285884/82858840095.19.jpg?type=f140,원목,"치석케어, 흥미유발, 분리불안해소"
T2eOsu6bW6wH1M1p5O39k,패리스독 강아지 장난감 이갈이 새끼 노즈워크 터그놀이 애착인형 아기 라텍스공 바스락 삑삑이,https://shopping-phinf.pstatic.net/main_8219947/82199479603.3.jpg?type=f140,고무/실리콘,"소리나는, 간식넣는, 분리불안해소"
TmHhuuCsYmhy0220Fw7k8,도나츠 삑삑이인형 아기강아지 장난감 10개 리트리버,https://shopping-phinf.pstatic.net/main_2917410/29174107859.20211010020343.jpg?type=f140,폴리프로필렌,"소리나는, 흥미유발"
TyBcIBXW5DcPPP8A45a22,강아지 장난감 당근 노즈워크 애견용품,https://shopping-phinf.pstatic.net/main_3159842/31598426653.20220404021825.jpg?type=f140,,"두뇌개발, 분리불안해소"
T7ih41r6od0P9BvPXiQ6k,대형견전용 빅사이즈 노즈워크 노즈볼 애견장난감,https://searchad-phinf.pstatic.net/MjAyMTEyMDdfOTYg/MDAxNjM4ODU4NDg2MDQ0.YKYPqJV5CiFMEJLuipx9YhLMWmo064otCVhWQi8ANj8g.LNV9kkTlxNE6e-CBxHe3PT7sOMslIZyVYdAvfKad8p0g.PNG/1300635-29edd3b7-33c1-4678-98bd-ab58b146e0c3.png?type=f200,고무/실리콘,"간식넣는, 두뇌개발, 분리불안해소"
TEcA6A2nqY2u6xxsm391M,[냥품멍품] 멍티슈 노즈워크 휴지뽑기 장난감 킁킁 티슈토이 분리불안 해소 훈련 놀이,https://shopping-phinf.pstatic.net/main_8264706/82647064109.4.jpg?type=f140,합성섬유,"간식넣는, 두뇌개발, 흥미유발"
Tcj19511sWtK3raL5pIxe,[아아랜드] 코코니캡 강아지 분리불안 노즈워크 장난감 1ea,https://searchad-phinf.pstatic.net/MjAyMjA3MjhfMTA0/MDAxNjU4OTgyOTg1MDM0.MGUcNONSC7j6GssUWX0_O34bKK_SCs4lmLDVj82r6kEg.o_8BEJEd6aIxlYDRt_5nPcV4uMFSDrO4aumN45Bi-4Mg.PNG/2163284-2386ef5e-577a-43eb-9846-659c7358f68f.png?type=f200,플라스틱,"두뇌개발, 흥미유발, 분리불안해소"
T9QWwX0Nqu0F806aY1800,고급 강아지 자동 공놀이 공던지는 공던져주는 기계 자동공놀이 운동 기구 장난감 한국형코드,https://shopping-phinf.pstatic.net/main_8287168/82871683600.2.jpg?type=f140,플라스틱,"불들어오는, 간식넣는, 두뇌개발"
TPgam79a5a4E7s7OrRVj6,강아지 노즈워크 장난감 분리불안 훈련 노즈볼,https://shopping-phinf.pstatic.net/main_1302551/13025510058.17.jpg?type=f140,고무/실리콘,"간식넣는, 흥미유발, 분리불안해소"
T6KJfNBM3Zt77KlKz50N8,우쭈쭈 애니멀 팜 라텍스 토이 강아지장난감 공,https://shopping-phinf.pstatic.net/main_3306548/33065488496.20220621193524.jpg?type=f140,고무/실리콘,"소리나는, 흥미유발"
TbGiPE5ldq794ARxS9DR3,바스락 뿡뿡 스틱 강아지 장난감,https://shopping-phinf.pstatic.net/main_8084889/80848891618.7.jpg?type=f140,합성섬유,"소리나는, 치석케어, 분리불안해소"
TPpkp52GAp99ecwK5pEjQ,칼리 스위티 라텍스 만득이 (파랑) 삑삑이 라텍스공,https://shopping-phinf.pstatic.net/main_8270315/82703151996.4.jpg?type=f140,고무/실리콘,"소리나는, 치석케어, 흥미유발"
Ta56FwkXL62132mPeFo94,견소문 노즈워크 강아지 분리불안 장난감 애착인형 터그놀이 스트레스해소,https://shopping-phinf.pstatic.net/main_8377365/83773659510.jpg?type=f140,폴리에스테르,"간식넣는, 흥미유발, 분리불안해소"
TzKPMLXWV7FN4PJ2L3RbJ,"강아지 노즈워크 애견 장난감 삑삑바스락 젖소, 대왕 우유 토이 (소중대형견가능)",https://shopping-phinf.pstatic.net/main_8292581/82925815228.3.jpg?type=f140,폴리에스테르,"소리나는, 간식넣는, 분리불안해소"
T685Vj10V4RzOt6G440Bb,로이코 강아지 노즈워크 휴지 장난감,https://shopping-phinf.pstatic.net/main_8450721/84507213576.1.jpg?type=f140,폴리에스테르,"간식넣는, 흥미유발, 분리불안해소"
T13UkeQ8751rVwkJn11xZ,펫스테이지 리얼 우드스틱 XS 커피나무 이갈이 장난감,https://shopping-phinf.pstatic.net/main_1199080/11990808868.2.jpg?type=f140,원목,"치석케어, 흥미유발, 분리불안해소"
T4y1ac7x16tC5O6VxQ86z,KONG 워블러 콩 세나개장난감 펫윈도 분리불안 소형견에서 대형견까지 강아지식기 콩토이,https://shopping-phinf.pstatic.net/main_8010986/80109866254.jpg?type=f140,플라스틱,"간식넣는, 흥미유발, 분리불안해소"
TK7Z79I099pdj39V3Q94N,강아지 쪽쪽이 터그놀이 고양이 이갈이 장난감,https://shopping-phinf.pstatic.net/main_8330503/83305034361.1.jpg?type=f140,면,"치석케어, 흥미유발, 분리불안해소"
T2gwz10WWp4loHD11VbqC,퍼피가드 강아지 터그놀이 대형견 장난감 개구리,https://shopping-phinf.pstatic.net/main_2164791/21647919444.20200102154533.jpg?type=f140,폴리에스테르,"소리나는, 두뇌개발, 흥미유발"
TZ59mKJtEea2BIDD1JwTs,개시크 강아지장난감 라텍스 애견삑삑이 봉제 인형 이갈이 터그놀이 실타래 공 세트,https://shopping-phinf.pstatic.net/main_8213652/82136522606.4.jpg?type=f140,고무/실리콘,"소리나는, 간식넣는, 분리불안해소"
TOt3qR8nURFyMZ1P5pCa3,강아지 간식볼 지능개발 장난감 모래시계,https://shopping-phinf.pstatic.net/main_1351777/13517772863.2.jpg?type=f140,플라스틱,"간식넣는, 두뇌개발, 흥미유발"
T5upFf0ifwkUJl1a1j160,[아아랜드] 강아지 노즈워크 미니볼 장난감,https://shopping-phinf.pstatic.net/main_8278527/82785276082.4.jpg?type=f140,고무/실리콘,"간식넣는, 두뇌개발, 분리불안해소"
Tnt4WOx26Sn8A0LSx1Xg9,[KONG] 강아지 밤부볼 애견 노즈워크 강아지 장난감 노즈워크볼,https://shopping-phinf.pstatic.net/main_8450656/84506560945.1.jpg?type=f140,고무/실리콘,"간식넣는, 물에뜨는, 두뇌개발"
TT6SN88BYFL15U19T68q0,트리트릭스 악어 트릿 세트 강아지 장난감 간식,https://shopping-phinf.pstatic.net/main_8334673/83346736927.3.jpg?type=f140,폴리에스테르,"간식넣는, 흥미유발"
TV7K0N57cs9SxJXmff8HA,강아지 장난감 나비 로프볼 터그놀이 이갈이 2개월 3개월 실타래 중형견 대형견,https://shopping-phinf.pstatic.net/main_8423448/84234482403.2.jpg?type=f140,면,"치석케어, 흥미유발, 분리불안해소"
T89EGn2P5h3ajvw9xnfS1,콩 클래식 장난감 Medium - T2 / 소형견강아지 노즈워크 장난감,https://shopping-phinf.pstatic.net/main_8342263/83422636926.4.jpg?type=f140,고무/실리콘,"간식넣는, 두뇌개발, 분리불안해소"
T018jGPXn0Vej3iLUgc9S,강아지 장난감 놀이기구 혼자놀기 자동 애견 공놀이 훈련 기계 노즈워크,https://shopping-phinf.pstatic.net/main_8388503/83885033563.jpg?type=f140,,"자동으로 움직이는, 간식넣는, 흥미유발"
TjSFgptfXytgD2h63D1I7,보듬 애착 터그 강아지 훈련 장난감,https://shopping-phinf.pstatic.net/main_8231125/82311252651.1.jpg?type=f140,폴리에스테르,"흥미유발, 페치게임"
T82bXelHH83bV7P2a4JCZ,뽀시래기 강아지 치석제거 터그놀이 장난감 오링,https://shopping-phinf.pstatic.net/main_2148423/21484231961.20201223141014.jpg?type=f140,합성섬유,"치석케어, 흥미유발, 분리불안해소"
TOSF9R62I26BA5kD714lO,리치독스 강아지 애견 물놀이튜브 인어튜브,https://shopping-phinf.pstatic.net/main_8209761/82097612216.19.jpg?type=f140,고무/실리콘,"물에뜨는, 흥미유발"
T1w5S0SU4Ul7s7HGcCNvC,딩독 캔디 츄러스 딸기 레몬 1p 강아지 핸드메이드 애착인형 패브릭 장난감,https://shopping-phinf.pstatic.net/main_8420465/84204653356.jpg?type=f140,니트,"치석케어, 분리불안해소"
T9y65T791gChBQjLbbErs,비나츄 100% 커피나무 강아지 치석제거장난감,https://searchad-phinf.pstatic.net/MjAyMjA4MjNfMjIg/MDAxNjYxMjQ1ODg1Mjc1.osnmrnaQ4dRj_dsib_FTSCtTyc-Xg-Zha0Fv94Axuycg.nSyqT9PC6YAY95824aj3zVhSiVrfv2_yKtYjinDaRfIg.PNG/2117855-4fa4b88f-d67c-477a-a6ad-ee051b0dc963.png?type=f200,원목,"치석케어, 흥미유발, 분리불안해소"
TgLEsv2OPAUud032QXiNP,기그위 으드득 크런치넥 블루덕 강아지 장난감,https://shopping-phinf.pstatic.net/main_8329415/83294158935.jpg?type=f140,폴리에스테르,"소리나는, 흥미유발, 분리불안해소"
T83bcC735gTmetXZn65cs,강냥이 도깨비 라텍스 강아지 삑삑이 만득이 장난감 공,https://shopping-phinf.pstatic.net/main_8123428/81234289884.5.jpg?type=f140,실/끈,"치석케어, 흥미유발, 분리불안해소"
TMfxIJzt93E2h1RSayn3F,[멜슨] 커피나무로 만든 커피츄 100% 강아지 우드 스틱 이갈이 장난감 (사은품증정),https://shopping-phinf.pstatic.net/main_8287341/82873411430.jpg?type=f140,원목,"치석케어, 분리불안해소"
T5gjfNg39LnRH0T57V6q2,스위티 천연 라텍스공,https://shopping-phinf.pstatic.net/main_1951932/19519327408.20190528174921.jpg?type=f140,고무/실리콘,"소리나는, 치석케어, 흥미유발"
TdpvDr5n416qPZk4OTTk1,(6종) 강아지 대형견 터그 놀이 장난감 리트리버 네이비60cm,https://shopping-phinf.pstatic.net/main_8272471/82724719338.6.jpg?type=f140,실/끈,"치석케어, 흥미유발, 분리불안해소"
Tyz39XcoxhI33ru6WQJ62,펫모닝 바베큐 애견 인형,https://shopping-phinf.pstatic.net/main_2011675/20116752872.20200803125447.jpg?type=f140,합성섬유,"치석케어, 두뇌개발, 흥미유발, 분리불안해소"
TU0A13e767MAg46l28LD3,핏펫 Dr Sul 닥터설 터그 낚시대 강아지 고양이 장난감,https://shopping-phinf.pstatic.net/main_8258470/82584700463.2.jpg?type=f140,실/끈,"흥미유발, 분리불안해소"
T7yMLBbWKWq8A0eYKY1K5,캣츠크라프트 고양이 이갈이 장난감 고양이치발기 2m,https://shopping-phinf.pstatic.net/main_8436046/84360462172.jpg?type=f140,종이,"흥미유발, 분리불안해소"
Tq52KYvQ9n7djeMlZcF1A,딩독 개지터블 오이 1p 강아지 삑삑 노즈워크 장난감,https://shopping-phinf.pstatic.net/main_8420482/84204824714.jpg?type=f140,폴리에스테르,"소리나는, 간식넣는, 흥미유발"
Tc361s8Nn564dX1Srwc5q,기그위 트로피카나 러버 투칸 Gigwi 강아지 장난감 D8138,https://shopping-phinf.pstatic.net/main_8293204/82932045446.jpg?type=f140,폴리에스테르,"소리나는, 흥미유발"
Tfr9CnDIC00rz9tUNXmm3,딩독 개지터블 당근 1p 강아지 삑삑 노즈워크 장난감,https://shopping-phinf.pstatic.net/main_8420477/84204776959.jpg?type=f140,폴리에스테르,"소리나는, 간식넣는, 흥미유발"
Tq7wbOvHg4Yk8qomBZPrc,셀프 강아지터그놀이 쭉쭉볼 중형견 대형견 장난감 고급형,https://shopping-phinf.pstatic.net/main_8230574/82305745965.2.jpg?type=f140,,"소리나는, 간식넣는, 분리불안해소"
T26a89AV515w7HHv6S66q,지피포우즈 강아지장난감인형 강아지터그놀이 삑삑이 대형견장난감 이갈이,https://shopping-phinf.pstatic.net/main_8219468/82194686374.1.jpg?type=f140,폴리에스테르,"소리나는, 간식넣는, 두뇌개발"
Tu06UOP8d21DOU6QyxooM,콩장난감 클래식 강아지 혼자 놀기 콩토이 간식 장난감,https://shopping-phinf.pstatic.net/main_1291739/12917397794.25.jpg?type=f140,고무/실리콘,"흥미유발, 분리불안해소"
ToEzOO9HIfZQc2oa94NbL,바우링걸 강아지말번역기,https://shopping-phinf.pstatic.net/main_8244748/82447481777.jpg?type=f140,,플라스틱
T2y7c2NI1m2gf87XF69pR,강아지 장난감 이갈이 치발기 삑삑이 뾰족 공,https://shopping-phinf.pstatic.net/main_8280577/82805773740.6.jpg?type=f140,폴리에스테르,"소리나는, 흥미유발, 분리불안해소"
T2Ss8MqdRbLvqaIK4ZD0X,[세트] 해피봉봉에그 강아지라텍스장난감,https://shopping-phinf.pstatic.net/main_8462227/84622279481.jpg?type=f140,,"소리나는, 물에뜨는, 흥미유발"
TTE7fTUtfFzx5Z0zb2vlV,퍼피가드 대형견 장난감 라텍스공,https://shopping-phinf.pstatic.net/main_8055969/80559693382.1.jpg?type=f140,고무/실리콘,"소리나는, 두뇌개발, 흥미유발"
TGR8TI8iefDVJU3bS82ng,강아지 장난감 스포츠 공 아기 이갈이 실타래 라텍스,https://shopping-phinf.pstatic.net/main_9678834/9678834436.11.jpg?type=f140,고무/실리콘,"소리나는, 물에뜨는, 흥미유발"
TgeRk8ovR4DD395pgwJDJ,딩독 씨푸드 문어 1p 노즈워크 삑삑이,https://shopping-phinf.pstatic.net/main_8422424/84224248583.jpg?type=f140,폴리에스테르,"소리나는, 간식넣는, 흥미유발"
TDSnPCk452IjHIiBTI61r,딩독 츄러스 민트 핑크 1p 강아지 핸드메이드 애착인형 터그놀이,https://shopping-phinf.pstatic.net/main_8420461/84204619160.jpg?type=f140,니트,"치석케어, 분리불안해소"
TG5y0v46Gs71jz29gFD6a,딩독 씨푸드 불가사리 1p 노즈워크 삑삑이,https://shopping-phinf.pstatic.net/main_8422419/84224190398.jpg?type=f140,폴리에스테르,"소리나는, 간식넣는, 흥미유발"
TSeAFJ3Qqmbk96CwR3Pcl,패리스독 동글이캐릭터볼 라텍스 토이 강아지장난감,https://shopping-phinf.pstatic.net/main_8146775/81467757550.8.jpg?type=f140,고무/실리콘,"소리나는, 물에뜨는, 흥미유발"
TCr0sso328NcXM4t7wUSH,강아지터그놀이 치실 로프 장난감 당근터그,https://shopping-phinf.pstatic.net/main_1198699/11986995079.jpg?type=f140,실/끈,흥미유발
T7Dmnn8g48H48a1Wvm0Ps,딩독 킁킁박스 낱개 세트 바스락 강아지 노즈워크 장난감,https://shopping-phinf.pstatic.net/main_8420892/84208923681.jpg?type=f140,폴리에스테르,"소리나는, 간식넣는, 두뇌개발"
TK3Nc60dymGFw6HRLTB4f,딩독 씨푸드 가오리 1p 노즈워크 삑삑이,https://shopping-phinf.pstatic.net/main_8422424/84224241934.jpg?type=f140,폴리에스테르,"소리나는, 간식넣는, 흥미유발"
TqQM0M8134f19bbt69a2w,딩독 꼬아보개 1p 삑삑 바스락 터그놀이 장난감,https://shopping-phinf.pstatic.net/main_8420926/84209269333.jpg?type=f140,폴리에스테르,"소리나는, 간식넣는, 흥미유발"
T31Tuo614TAQHvP9GrGng,딩독 찹쌀떡 세트 1p 삑삑 바스락 터그놀이 장난감,https://shopping-phinf.pstatic.net/main_8422322/84223225325.jpg?type=f140,폴리에스테르,"소리나는, 간식넣는, 흥미유발"
TWMS3cd6N88sR838Nf5vr,기그위 러블리베어 핑크 대형견 장난감,https://shopping-phinf.pstatic.net/main_8329418/83294180271.jpg?type=f140,고무/실리콘,"소리나는, 흥미유발, 분리불안해소"
TqB53DU48gU4n3t3LXSoy,딩독 꼬마김밥 1p 삑삑 바스락 터그놀이 장난감,https://shopping-phinf.pstatic.net/main_8420924/84209240092.jpg?type=f140,폴리에스테르,"소리나는, 간식넣는, 흥미유발"
TAOk6W2OChLDqaO0YEnCc,강아지 실타래 치실 장난감 당근,https://shopping-phinf.pstatic.net/main_8007684/80076841322.2.jpg?type=f140,실/끈,"치석케어, 흥미유발"
TRjy7TSE1ZnP8qBhwkuX9,강아지 장난감 터그놀이 이갈이 펫모닝 실타래 미니 치실,https://shopping-phinf.pstatic.net/main_9425201/9425201469.7.jpg?type=f140,,"치석케어, 흥미유발, 분리불안해소"
TmcyeT66y6436LL19rT1d,펫스테이지 강아지 이갈이 장난감 우드스틱 XS,https://shopping-phinf.pstatic.net/main_8167205/81672059438.jpg?type=f140,원목,"치석케어, 흥미유발, 분리불안해소"
TtWZGm4tRXsOa5rwkmv51,스니피즈 터그폴 강아지 터그놀이 대형견 장난감 이갈이 놀이기구,https://shopping-phinf.pstatic.net/main_1152622/11526224711.4.jpg?type=f140,실/끈,"치석케어, 두뇌개발, 흥미유발"
TaAJF8zP7oi2oxX6jWLGN,딩독 독햄 1p 삑삑 바스락 터그놀이 장난감,https://shopping-phinf.pstatic.net/main_8420920/84209200636.jpg?type=f140,폴리에스테르,"소리나는, 간식넣는, 흥미유발"
TtYZ378w8Y8BFfQ73MDeE,기그위 미니히포 핑크 애견 장난감,https://shopping-phinf.pstatic.net/main_8329419/83294198398.jpg?type=f140,고무/실리콘,"소리나는, 흥미유발, 분리불안해소"
T5c3XqpAdabpSR4VqeIb9,딩독 빅볼 스카이 모카 핑크 1p 강아지 패브릭 공놀이 장난감,https://shopping-phinf.pstatic.net/main_8420467/84204675102.jpg?type=f140,니트,"치석케어, 분리불안해소"
Tg8476p88NJw209SDt2Bs,록스프링 원형 삑삑이 강아지 장난감 만들기,https://shopping-phinf.pstatic.net/main_8310670/83106702128.jpg?type=f140,플라스틱,"소리나는, 흥미유발"
TO627I8r6PW00QxpE2jSv,어려운 노즈워크 무지개폭탄 강아지 장난감 분리불안,https://shopping-phinf.pstatic.net/main_8416106/84161065492.4.jpg?type=f140,고무/실리콘,"간식넣는, 흥미유발, 분리불안해소"
TPdaTeBtPVRJcBU83dFhu,포시럽 뼈다귀 치발기 강아지 이갈이 장난감 고양이 실리콘 칫솔 치석제거 치카토이,https://shopping-phinf.pstatic.net/main_8215959/82159594008.9.jpg?type=f140,고무/실리콘,"치석케어, 흥미유발, 분리불안해소"
T7QZnMh58Rw3qSPn8mi4B,만득이인형 강아지 이갈이 장난감 삑삑이 라텍스공 스위티볼 소형 핑크,https://shopping-phinf.pstatic.net/main_8231873/82318733998.1.jpg?type=f140,고무/실리콘,"소리나는, 흥미유발, 분리불안해소"
Tj4IxS7ao6YjrPsDGXH6P,바잇미 나의 애착인형 강아지 장난감 - 토끼,https://shopping-phinf.pstatic.net/main_8324527/83245270923.jpg?type=f140,폴리에스테르,소리나는
Tj7j9Cy2bCwi2f3VqJ16W,펫케어 춤추는 너구리 강아지용 PMD-TWA1,https://shopping-phinf.pstatic.net/main_3092847/30928470618.20220215140807.jpg?type=f140,폴리에스테르,"자동으로 움직이는, 간식넣는, 흥미유발, 분리불안해소"
TZ93qm1FgB5xj9LjUsMxn,베스트에버 바스락 장난감 바나나 삑삑이 강아지 장난감,https://shopping-phinf.pstatic.net/main_8400422/8400422044.6.jpg?type=f140,합성섬유,"소리나는, 흥미유발, 분리불안해소"
T93QbhbOI6dxg40NGwlfA,가파이 핸들 터그 강아지 훈련 장난감,https://shopping-phinf.pstatic.net/main_1135936/11359365929.4.jpg?type=f140,식물추출물,"흥미유발, 페치게임"
TZe03os1fJlM52n016RRk,딩독 붕어빵 1p 삑삑 바스락 터그놀이 장난감,https://shopping-phinf.pstatic.net/main_8420921/84209216845.jpg?type=f140,폴리에스테르,"소리나는, 간식넣는, 흥미유발"
TaZc7r30Nesfua0euxeE7,딩독 유부초밥 1p 삑삑 바스락 터그놀이 장난감,https://shopping-phinf.pstatic.net/main_8420918/84209184121.jpg?type=f140,폴리에스테르,"소리나는, 간식넣는, 흥미유발"
T0ktjfLZkn7P5ekvm58pT,딩독 개루츠 바나나1p 삑삑 노즈워크 장난감,https://shopping-phinf.pstatic.net/main_8422414/84224140315.jpg?type=f140,폴리에스테르,"소리나는, 간식넣는, 흥미유발"
TTL0YAEcOh6OQr2yXeD6F,강아지 장난감 애견 소형견 터그놀이 삑삑이 인형 선물 바스락 오션애니멀 라텍스,https://shopping-phinf.pstatic.net/main_8217082/82170823085.7.jpg?type=f140,고무/실리콘,"소리나는, 흥미유발, 분리불안해소"
TVR1Ri76l8790dvig2eRH,강아지장난감 베스트에버 바스락 장난감 삑삑이 애견 인형,https://shopping-phinf.pstatic.net/main_1002285/10022850597.2.jpg?type=f140,실/끈,"소리나는, 흥미유발, 분리불안해소"
Ti67jn18O7zLi5WrVy89w,[무무토]우드스틱 강아지이갈이장난감 강아지장난감 100%식이섬유,https://shopping-phinf.pstatic.net/main_8328791/83287912401.8.jpg?type=f140,원목,"치석케어, 흥미유발, 분리불안해소"
TDUdpl0wq8jo3125q4Lj9,퍼피가드 강아지 지능 개발 장난감 간식벨,https://shopping-phinf.pstatic.net/main_1666900/16669004991.20181219051152.jpg?type=f140,플라스틱,"소리나는, 두뇌개발, 흥미유발, 분리불안해소"
TvE9R8Cb71kvEbAY7ruM1,고양이이갈이장난감 로프토이 1호,https://shopping-phinf.pstatic.net/main_8207010/82070103647.3.jpg?type=f140,실/끈,"치석케어, 흥미유발, 분리불안해소"
ThiH1026G6wwNLQXKbBGH,딩독 하튜 삑삑이 1p 강아지 터그놀이 극세사 장난감,https://shopping-phinf.pstatic.net/main_8420472/84204726448.jpg?type=f140,폴리에스테르,"소리나는, 치석케어, 흥미유발"
TZdvdX65TVhU4f6B7ac1s,딩독 땡글 츄러스 민트 딸기 1p 강아지 핸드메이드 애착인형 터그놀이,https://shopping-phinf.pstatic.net/main_8420464/84204641069.1.jpg?type=f140,니트,"치석케어, 분리불안해소"
Tc8uGEsxm3Gd1C839ox6n,네추라너리쉬 강아지 노즈워크 장난감 치석제거,https://searchad-phinf.pstatic.net/MjAyMTA1MDZfNzMg/MDAxNjIwMjc3NDc3ODMy.VIyr9yaD-fPe3p9Zc7sL6rPbNm3t3qLJV9yLdrOWq8sg.wHgIkjq8XK5TL8du46V0NWPGqYlAtFUZMgmFamwUlnIg.PNG/1583493-7a66898e-9059-4e73-ac21-c2a7ae5835f9.png?type=f200,고무/실리콘,"간식넣는, 치석케어, 흥미유발"
TJk9vLfb4H0E90e7aZgWl,펫스테이지 강아지 장난감,https://shopping-phinf.pstatic.net/main_8314306/83143061200.6.jpg?type=f140,,"흥미유발, 분리불안해소"
T06pFAhAD5wgNV4Eq497F,퍼피가드 강아지 장난감 우드스틱 XS,https://shopping-phinf.pstatic.net/main_8409013/84090130475.5.jpg?type=f140,원목,"물에뜨는, 치석케어, 흥미유발"
T8fm8c6A0d18xeDqqblqu,기그위 플러쉬프렌즈 조니스틱 강아지 장난감,https://shopping-phinf.pstatic.net/main_8332910/83329109629.jpg?type=f140,고무/실리콘,"소리나는, 흥미유발, 분리불안해소"
TU15cu49xjI2C22djb0He,기그위 러블리히포 핑크 대형견 장난감,https://shopping-phinf.pstatic.net/main_8329419/83294190372.jpg?type=f140,고무/실리콘,"소리나는, 흥미유발, 분리불안해소"
TPhd855J466gV64vfV76l,강아지 하리보 인형 젤리곰 삑삑이 장난감 개리보 곰돌이 반려견 애착인형,https://shopping-phinf.pstatic.net/main_8284765/82847650079.jpg?type=f140,니트,"소리나는, 흥미유발, 분리불안해소"
Ts78enU88vsT63H0wa4Fq,강아지장난감인형 강아지터그놀이 고양이 애견용품 삑삑이 애착인형,https://shopping-phinf.pstatic.net/main_8366991/83669914784.jpg?type=f140,폴리에스테르,"소리나는, 흥미유발, 분리불안해소"
TqR17td96p8FAEX72MlWs,기그위 터크 TRP핸들 바잇미 오리 장난감,https://shopping-phinf.pstatic.net/main_8332914/83329146357.jpg?type=f140,고무/실리콘,"소리나는, 흥미유발, 분리불안해소"
TqX7bF8dK431uZtlmn66Z,강아지삑삑이 닭장난감 강아지 소리나는닭 인형,https://shopping-phinf.pstatic.net/main_8301578/83015789178.4.jpg?type=f140,고무/실리콘,"소리나는, 치석케어, 분리불안해소"
T73512wPr8ZPARKvqMC15,바잇미 강아지 농산물 장난감 - 청경채 (삑삑/바스락),https://shopping-phinf.pstatic.net/main_8239715/82397156747.jpg?type=f140,폴리에스테르,"소리나는, 흥미유발, 분리불안해소"
T8ekA20q8Q2shv4lqzP64,펫케어 춤추는다람쥐 강아지 고양이 장난감,https://shopping-phinf.pstatic.net/main_3255822/32558228618.20220524110147.jpg?type=f140,,분리불안해소
TSY3uL1uAkhiMDO7PhM00,소다펍 이매트/강아지노즈워크장난감식기,https://shopping-phinf.pstatic.net/main_8383070/83830707020.jpg?type=f140,고무/실리콘,"간식넣는, 치석케어, 분리불안해소"
T1A1151K9MP4qrhJXA7i7,딩독 씨푸드 게딱지장 꽃게 1p 노즈워크 삑삑이,https://shopping-phinf.pstatic.net/main_8422425/84224257722.jpg?type=f140,폴리에스테르,"소리나는, 간식넣는, 흥미유발"
T02qC8B69HE3Fw6M4BN30,퍼피가드 대형견 장난감 프리스비 링,https://shopping-phinf.pstatic.net/main_1921011/19210115712.20190511060735.jpg?type=f140,고무/실리콘,"물에뜨는, 치석케어, 두뇌개발, 흥미유발, 페치게임, 분리불안해소"
TQZ2fT6igUhiiLaDEVUr9,펫스테이지 우드스틱 P (XS) 강아지 이갈이 장난감,https://shopping-phinf.pstatic.net/main_8209889/82098894622.4.jpg?type=f140,원목,"치석케어, 흥미유발, 분리불안해소"
TiMC390HSdIXhVYyf3tNO,강아지 장난감 집착인형 시리즈,https://shopping-phinf.pstatic.net/main_8227296/82272961619.jpg?type=f140,폴리에스테르,"소리나는, 흥미유발, 분리불안해소"
TqQCQq7o5YeBGDE8b01L3,강아지 움직이는장난감 노즈워크 다람쥐 로봇 삑삑이 포함,https://shopping-phinf.pstatic.net/main_8447899/84478992085.2.jpg?type=f140,,"자동으로 움직이는, 간식넣는, 분리불안해소"
TGjK6hDRLu49mR8P8117q,허글 펫킷 펀트리 애견 스마트 장난감 세트,https://shopping-phinf.pstatic.net/main_8226794/82267942297.4.jpg?type=f140,고무/실리콘,"소리나는, 간식넣는, 분리불안해소"
Tg64s4J7e634SMO9qdhdk,강아지 장난감 당근 실타래인형 치석제거 터그놀이 이갈이,https://shopping-phinf.pstatic.net/main_8260347/82603473850.7.jpg?type=f140,실/끈,"치석케어, 흥미유발, 분리불안해소"
TQu956OnQxU5he3j4S60l,대왕 오리 삑삑이 인형 강아지 장난감,https://shopping-phinf.pstatic.net/main_8246022/82460220127.jpg?type=f140,합성섬유,"소리나는, 흥미유발, 분리불안해소"
T7135v7SdflSNz3sTrZtG,강아지장난감 삑삑이 실사 애착인형 개환장주의,https://shopping-phinf.pstatic.net/main_8423461/84234611692.jpg?type=f140,합성섬유,"소리나는, 흥미유발, 분리불안해소"
T95HHA91NWH1Bkkwbot8B,기그위 러블리 동키 강아지 장난감,https://shopping-phinf.pstatic.net/main_8329257/83292579616.jpg?type=f140,폴리에스테르,"소리나는, 흥미유발, 분리불안해소"
T614f4Y62R9A6M78QyI3l,[무료각인서비스] 올리브본 바라우드 강아지우드토이 이갈이장난감 올리브나무 터그놀이 우드스틱 입질방지 뼈다귀스타일_S,https://shopping-phinf.pstatic.net/main_8245032/82450329373.1.jpg?type=f140,원목,"치석케어, 흥미유발, 분리불안해소"
T5xt5L51R239w0QgHQ158,강아지 노즈워크 장난감 당근밭 당근농장 분리불안 훈련,https://shopping-phinf.pstatic.net/main_8364557/83645577681.7.jpg?type=f140,면,"간식넣는, 두뇌개발, 분리불안해소"
TstFMJBruoD8s81FZ4L47,강아지 장난감 린넨 동물친구들,https://shopping-phinf.pstatic.net/main_8367127/83671274436.jpg?type=f140,식물추출물,"소리나는, 흥미유발, 분리불안해소"
TbRMqFKcX999J7O8o6YtY,펫스테이지 강아지 우드스틱 커피나무 나무스틱 이갈이 장난감 XS,https://shopping-phinf.pstatic.net/main_8219941/82199414662.5.jpg?type=f140,원목,"치석케어, 흥미유발, 분리불안해소"
TF3uZ51HUbdV30523i9T1,새끼 강아지 장난감 칼리 스위티 라텍스 만득이 1개입,https://shopping-phinf.pstatic.net/main_1166031/11660319965.2.jpg?type=f140,고무/실리콘,"소리나는, 흥미유발, 분리불안해소"
TGr27RM6c4Gb2D1jN1FxN,딩독 왕만두1p 노즈워크 바스락 난이도 상 장난감,https://shopping-phinf.pstatic.net/main_8422427/84224273636.jpg?type=f140,폴리에스테르,"소리나는, 간식넣는, 흥미유발"
Tt23EC13diP0SY9PRYNTs,기그위 풀미아웃 파인애플 강아지 장난감,https://shopping-phinf.pstatic.net/main_8332874/83328744704.jpg?type=f140,폴리에스테르,"소리나는, 흥미유발, 분리불안해소"
Tg009c8w9Yv2p3q6zkRWV,기그위 리필토이 미니아울 강아지 장난감,https://shopping-phinf.pstatic.net/main_8329405/83294055706.jpg?type=f140,폴리에스테르,"소리나는, 흥미유발, 분리불안해소"
T5rB3zMiHgM4ewZVkbt3U,강아지 장난감 노즈워크 오뚜기 공룡알,https://shopping-phinf.pstatic.net/main_8116811/81168118662.jpg?type=f140,플라스틱,"간식넣는, 흥미유발, 분리불안해소"
THzy6NhyOk8X6tJRRuvNF,퍼피가드 대형견 장난감 삑삑이 공룡,https://shopping-phinf.pstatic.net/main_2104898/21048988405.20191009170624.jpg?type=f140,폴리에스테르,"소리나는, 두뇌개발, 흥미유발, 분리불안해소"
TsqTbB5qw9g9blM3XW0MV,기그위 풀미아웃 딸기 강아지 장난감,https://shopping-phinf.pstatic.net/main_8332873/83328737988.jpg?type=f140,폴리에스테르,"소리나는, 흥미유발, 분리불안해소"
TCb1KXdmq59EXtg5L6z1O,기그위 플러쉬 롱넥 라이언 강아지 장난감,https://shopping-phinf.pstatic.net/main_8332875/83328757622.jpg?type=f140,폴리에스테르,"소리나는, 흥미유발, 분리불안해소"
TrLwF62gy30RNh7892JJR,딩독 순삭 토스트1p 삑삑 노즈워크 장난감,https://shopping-phinf.pstatic.net/main_8422379/84223796991.jpg?type=f140,폴리에스테르,"소리나는, 간식넣는, 흥미유발"
T274Ft3stS5sUZ8lbOJDP,고양이이갈이장난감 강아지이갈이장난감 터그놀이 셀프토이,https://shopping-phinf.pstatic.net/main_8239040/82390404019.4.jpg?type=f140,실/끈,"흥미유발, 분리불안해소"
TeSVv4414K6k35g80cGw1,"버디부 버디츄, 이갈이장난감 강아지 천연 애착스틱 커피츄",https://shopping-phinf.pstatic.net/main_2878951/28789516261.2.jpg?type=f140,원목,"치석케어, 흥미유발, 분리불안해소"
TkM3oaQ9W7Bu39zr6pxiX,퍼피가드 터그놀이 대형견 장난감 실타래봉,https://shopping-phinf.pstatic.net/main_2165367/21653678973.20200103130913.jpg?type=f140,폴리에스테르,"치석케어, 두뇌개발, 흥미유발, 페치게임, 분리불안해소"
T8dtHB4sc09K595rqZ497,강아지 장난감 이갈이 인형 펫모닝 미니 로프,https://shopping-phinf.pstatic.net/main_8137179/81371797314.2.jpg?type=f140,실/끈,"두뇌개발, 흥미유발, 분리불안해소"
TDi1f1526g44l5Tkm0Z6Q,기그위 도넛링 베어 강아지 장난감,https://shopping-phinf.pstatic.net/main_8329412/83294124112.jpg?type=f140,폴리에스테르,"소리나는, 흥미유발, 분리불안해소"
TTofIU7ocgZ44PdKPz995,기그위 으드득 크런치넥 그린덕 강아지 장난감,https://shopping-phinf.pstatic.net/main_8329415/83294154143.jpg?type=f140,폴리에스테르,"소리나는, 흥미유발, 분리불안해소"
TElnnI3wkWlAZvFC08Wgp,기그위 미니 엘리게이터 그린 애견 장난감,https://shopping-phinf.pstatic.net/main_8329424/83294248632.jpg?type=f140,고무/실리콘,"소리나는, 흥미유발, 분리불안해소"
TncArGdC8uf7U9j709Js7,(무료배송) 비나츄 100%커피나무로 만든 커피츄 강아지 우드스틱 이갈이 장난감 XS,https://shopping-phinf.pstatic.net/main_8327012/83270126919.3.jpg?type=f140,원목,"치석케어, 흥미유발, 분리불안해소"
T5iUs81D0IsAzs6lkpkHa,펫스테이지 우드스틱 XS 이갈이 장난감,https://shopping-phinf.pstatic.net/main_8241463/82414633844.2.jpg?type=f140,원목,"치석케어, 흥미유발, 분리불안해소"
T97NgI4P5tuXApFEuD5u8,강아지 우드스틱 대형견 놀이감 이갈이장난감,https://shopping-phinf.pstatic.net/main_8124695/81246959907.6.jpg?type=f140,원목,"치석케어, 분리불안해소"
TCpB740Iu14Kd3H67rh96,셀프 강아지터그놀이 쭉쭉볼 중형견 대형견 장난감 고급형,https://searchad-phinf.pstatic.net/MjAyMjA4MTZfMjU4/MDAxNjYwNjI4OTkyOTY2.i85wiPCznkFLsSk6CnP-NVhuqWNx0Un1AOQTYvl4iVsg.ZoVrbeJQ9cPbz1plbbK3fQoQzor6-vYbTnQTsMtacDsg.PNG/1623305-099aa2b7-0d6d-4373-92ff-310742a55e38.png?type=f200,,"소리나는, 간식넣는, 분리불안해소"
TOmt0O2Rhuwg3NGgKbUIq,기그위 플러쉬프렌즈 도넛링 사슴 강아지 장난감,https://shopping-phinf.pstatic.net/main_8329413/83294131649.jpg?type=f140,폴리에스테르,"소리나는, 흥미유발, 분리불안해소"
TXWqf1wSl4UH9VFG1iWD7,딩독 개지터블 가지 1p 강아지 삑삑 노즈워크 장난감,https://shopping-phinf.pstatic.net/main_8420481/84204818519.jpg?type=f140,폴리에스테르,"소리나는, 간식넣는, 흥미유발"
Th79eFfOsrT0Ok4yf7Tp5,강아지 쪽쪽이 핸드메이드 뜨개 장난감 이갈이인형 이갈이장난감,https://shopping-phinf.pstatic.net/main_8283774/82837749530.1.jpg?type=f140,니트,"치석케어, 흥미유발"
TJQrKtTOaYjsEzNO99X3R,퍼피가드 대형견 장난감 터그놀이 실타래 원형 또아리,https://shopping-phinf.pstatic.net/main_2166687/21666872250.20200106081357.jpg?type=f140,실/끈,"치석케어, 흥미유발, 분리불안해소"
TRO70qxGv46fjMoT7pfR0,움직이는 강아지 장난감 먹이퍼즐 간식볼 스낵볼,https://shopping-phinf.pstatic.net/main_8238851/82388512816.1.jpg?type=f140,플라스틱,"간식넣는, 두뇌개발, 분리불안해소"
TEf97Yu6XW8rt8z2y21aZ,딩독 노즈워김 1p 삑삑 바스락 터그놀이 장난감,https://shopping-phinf.pstatic.net/main_8422323/84223239953.jpg?type=f140,폴리에스테르,"소리나는, 간식넣는, 흥미유발"
TmE7EV1UB9V8R206tzfM6,기그위 플러쉬프렌즈 코끼리 강아지 장난감,https://shopping-phinf.pstatic.net/main_8332911/83329117877.jpg?type=f140,고무/실리콘,"소리나는, 흥미유발, 분리불안해소"
T3lk0rj5zCj56jUzwy107,콩장난감 KONG 퍼피 소,https://shopping-phinf.pstatic.net/main_1313070/13130700600.1.jpg?type=f140,고무/실리콘,"간식넣는, 두뇌개발, 분리불안해소"
T1nFmIs8xQo8wQ11xJ748,딩독 참치 1p 삑삑 바스락 터그놀이 장난감,https://shopping-phinf.pstatic.net/main_8420921/84209210335.jpg?type=f140,폴리에스테르,"소리나는, 간식넣는, 흥미유발"
T1y5Uh0II7Te3DxXwA2ML,딩독 개루츠 망고 1p 삑삑 노즈워크 장난감,https://shopping-phinf.pstatic.net/main_8422415/84224153139.jpg?type=f140,폴리에스테르,"소리나는, 간식넣는, 흥미유발"
Tx0S6ODnWzU6C60n4KGnC,딩독 핫도그 1p 삑삑 바스락 터그놀이 장난감,https://shopping-phinf.pstatic.net/main_8420912/84209122537.jpg?type=f140,폴리에스테르,"소리나는, 간식넣는, 흥미유발"
TP9YIs40KaWz9r2S9pq0M,멜슨 100% 커피나무로 만든 강아지 우드스틱 이갈이 장난감 커피츄 XXS,https://shopping-phinf.pstatic.net/main_8271505/82715050136.5.jpg?type=f140,원목,"두뇌개발, 흥미유발, 분리불안해소"
TEmcMblX07m7w5ERpo3z9,코카리아 강아지 애착 인형 반려견 장난감,https://shopping-phinf.pstatic.net/main_8197371/81973714670.1.jpg?type=f140,합성섬유,"소리나는, 흥미유발, 분리불안해소"
T72v71Bng3dwrB7msL49L,JW 홀리 롤러 강아지 장난감,https://shopping-phinf.pstatic.net/main_1316480/13164802911.1.jpg?type=f140,고무/실리콘,"간식넣는, 물에뜨는, 흥미유발"
T4Vc0fFXjNSJBh7yXCYss,퍼피가드 대형견 장난감 강아지 옐로우 실타래 터그놀이,https://shopping-phinf.pstatic.net/main_8210991/82109914546.jpg?type=f140,폴리에스테르,"치석케어, 두뇌개발, 흥미유발"
T2gy7ss8xEBAStZ1GVPa9,딩독 개루츠 포도 1p 삑삑 노즈워크 장난감,https://shopping-phinf.pstatic.net/main_8422406/84224062243.jpg?type=f140,폴리에스테르,"소리나는, 간식넣는, 흥미유발"
TktpJO8mPwn9gcaFi7D6T,대형견 덩크슛볼 공 장난감 농구공,https://shopping-phinf.pstatic.net/main_8322800/83228007827.1.jpg?type=f140,고무/실리콘,"치석케어, 흥미유발, 분리불안해소"
TaSwLFDw1Wx3764IGeoBl,강아지 노즈워크 장난감 지능개발 간식놀이 무소음 노즈 터그볼,https://shopping-phinf.pstatic.net/main_8138749/81387493976.19.jpg?type=f140,플라스틱,"간식넣는, 두뇌개발, 분리불안해소"
T8pcrVFU98W9NGZrN0x6n,쏘아베 라텍스 토이볼 (공) 강아지 고양이 장난감,https://shopping-phinf.pstatic.net/main_1129535/11295353597.2.jpg?type=f140,고무/실리콘,"소리나는, 흥미유발"
T7uK9YnRXsl06qEMo7g45,강아지 삑삑이 장난감,https://shopping-phinf.pstatic.net/main_1205544/12055449597.1.jpg?type=f140,고무/실리콘,"소리나는, 흥미유발"
TRK6Sf4BEcC7zjV7gty1Z,강아지 이갈이 바스락 삑삑이 노랑별 장난감,https://shopping-phinf.pstatic.net/main_8277958/82779587735.1.jpg?type=f140,실/끈,"치석케어, 흥미유발, 분리불안해소"
TeI1JkOSx3ibZSuK3t38o,JW 홀리 롤러 지능형 장난감 무독성,https://shopping-phinf.pstatic.net/main_1151241/11512417344.3.jpg?type=f140,고무/실리콘,"간식넣는, 물에뜨는, 두뇌개발, 흥미유발, 분리불안해소"
TnTawO889jos1G6PlL8pP,딩동펫 애견 IQ 트레이닝 장난감,https://shopping-phinf.pstatic.net/main_2402730/24027307124.20210113154439.jpg?type=f140,플라스틱,"간식넣는, 두뇌개발, 흥미유발, 분리불안해소"
T9M496s5L6a0HnfnG984I,딩독 개란과 소금 삑삑 1p 강아지 터그놀이 극세사 장난감,https://shopping-phinf.pstatic.net/main_8420475/84204750037.jpg?type=f140,폴리에스테르,"소리나는, 간식넣는, 흥미유발"
TUL3pW5z1tm9E1pF9qqxM,딩독 개지터블 대파 1p 강아지 삑삑 노즈워크 장난감,https://shopping-phinf.pstatic.net/main_8420483/84204835170.1.jpg?type=f140,폴리에스테르,"소리나는, 간식넣는, 흥미유발"
TKs8G6PcJ7Xby04Il7vVd,와일드독 애견훈련터그 강아지장난감 소형견 대형견,https://shopping-phinf.pstatic.net/main_8020585/80205851162.1.jpg?type=f140,식물추출물,"치석케어, 두뇌개발, 흥미유발"
TKHNix88rcooKOiZ3rQz4,만득이 공 인형 분리불안 이갈이 삑삑이 강아지장난감,https://shopping-phinf.pstatic.net/main_8260212/82602128946.1.jpg?type=f140,고무/실리콘,"소리나는, 흥미유발, 분리불안해소"
Tehq1k7xbKo9No66J6z1p,펫스테이지 도그 우드스틱 강아지 치석제거 이갈이 장난감 XS,https://shopping-phinf.pstatic.net/main_8217073/82170730716.7.jpg?type=f140,원목,"두뇌개발, 흥미유발, 분리불안해소"
TqxnXe6A1bl2iUgPJ3y4R,알디펫 강아지 장난감 터그 이갈이 봉제 삑삑이 후르츠 바스락 토이,https://shopping-phinf.pstatic.net/main_8370539/83705392228.9.jpg?type=f140,플라스틱,"간식넣는, 치석케어, 흥미유발"
TJmo6O8789KyZWb64c4q8,대형견 덩크슛볼 공 장난감 덩크슛 무지개공,https://shopping-phinf.pstatic.net/main_8322805/83228056617.jpg?type=f140,고무/실리콘,"치석케어, 흥미유발, 분리불안해소"
TOSduu951GHy41hP5Nl8u,딩독 까먹는 삑삑 고구마 1p 강아지 노즈워크 장난감,https://shopping-phinf.pstatic.net/main_8420486/84204860450.jpg?type=f140,폴리에스테르,"소리나는, 간식넣는, 흥미유발"
T3MYEPFKl42oCGV3JX5Y6,딩독 개루츠 사과 1p 삑삑 노즈워크 장난감,https://shopping-phinf.pstatic.net/main_8422405/84224051898.jpg?type=f140,폴리에스테르,"소리나는, 간식넣는, 흥미유발"
TvfoBt5du9j5eIv4Mhk70,강아지 장난감 공 장난감,https://shopping-phinf.pstatic.net/main_8305537/83055373834.jpg?type=f140,고무/실리콘,"소리나는, 간식넣는, 치석케어"
