item_sno,effect_no
fZ529EWuqunmK7byYWfM5,1
fZ529EWuqunmK7byYWfM5,2
fZ529EWuqunmK7byYWfM5,3
fZ529EWuqunmK7byYWfM5,4
fZ529EWuqunmK7byYWfM5,5
fOVwTJUdFjgNZftn8DkYW,2
fOVwTJUdFjgNZftn8DkYW,4
fOVwTJUdFjgNZftn8DkYW,6
fOVwTJUdFjgNZftn8DkYW,7
fOVwTJUdFjgNZftn8DkYW,5
fqECIJXyJsJIyIvfesaVi,8
fqECIJXyJsJIyIvfesaVi,2
fqECIJXyJsJIyIvfesaVi,7
fqECIJXyJsJIyIvfesaVi,9
fqECIJXyJsJIyIvfesaVi,5
fYEVfdQt9OudsPWWthogm,10
fYEVfdQt9OudsPWWthogm,11
fYEVfdQt9OudsPWWthogm,6
fYEVfdQt9OudsPWWthogm,12
fYEVfdQt9OudsPWWthogm,5
fhnpi4CbHe6zzYStnVbVj,8
fhnpi4CbHe6zzYStnVbVj,13
fhnpi4CbHe6zzYStnVbVj,10
fhnpi4CbHe6zzYStnVbVj,9
fhnpi4CbHe6zzYStnVbVj,12
f8uoz8wKeNUv7T8LODusm,13
f8uoz8wKeNUv7T8LODusm,2
f8uoz8wKeNUv7T8LODusm,10
f8uoz8wKeNUv7T8LODusm,3
f8uoz8wKeNUv7T8LODusm,4
f8uoz8wKeNUv7T8LODusm,6
f8uoz8wKeNUv7T8LODusm,7
fU0paMhIQ3oQI9RBmkwhT,8
fU0paMhIQ3oQI9RBmkwhT,10
fU0paMhIQ3oQI9RBmkwhT,12
fpXRFcBC0J09r9ndb7eZL,8
fpXRFcBC0J09r9ndb7eZL,2
fpXRFcBC0J09r9ndb7eZL,4
fpXRFcBC0J09r9ndb7eZL,9
fBMnpyjZHdK3lGDLbxQZ8,14
fBMnpyjZHdK3lGDLbxQZ8,3
fBMnpyjZHdK3lGDLbxQZ8,7
fBMnpyjZHdK3lGDLbxQZ8,9
fBMnpyjZHdK3lGDLbxQZ8,5
fVpzpnes17kDiZK7XYh0H,8
fVpzpnes17kDiZK7XYh0H,2
fVpzpnes17kDiZK7XYh0H,3
fVpzpnes17kDiZK7XYh0H,9
fVpzpnes17kDiZK7XYh0H,5
fYywJSTRvAAZ2B9VubY2n,14
fYywJSTRvAAZ2B9VubY2n,8
fYywJSTRvAAZ2B9VubY2n,3
fe1nOQjd2exvf1bZn6lpQ,8
fe1nOQjd2exvf1bZn6lpQ,13
fe1nOQjd2exvf1bZn6lpQ,1
fe1nOQjd2exvf1bZn6lpQ,2
fe1nOQjd2exvf1bZn6lpQ,7
f9Fu4iSZjRXesf9pxKEEO,3
f9Fu4iSZjRXesf9pxKEEO,9
fOR0GGLKu0bYtGaYmLTfs,3
fOR0GGLKu0bYtGaYmLTfs,9
fFVmsvGz6te2QJSp3u5UJ,8
fFVmsvGz6te2QJSp3u5UJ,2
fFVmsvGz6te2QJSp3u5UJ,7
fXkNS3UFZmjFbkSnZv26H,2
fXkNS3UFZmjFbkSnZv26H,10
f1jJZe6edXaqv3iWq4Jke,8
f1jJZe6edXaqv3iWq4Jke,1
f1jJZe6edXaqv3iWq4Jke,2
f1jJZe6edXaqv3iWq4Jke,3
f1jJZe6edXaqv3iWq4Jke,4
fyBfqx514rfDWDUDPbLq6,13
fyBfqx514rfDWDUDPbLq6,10
fyBfqx514rfDWDUDPbLq6,4
fyBfqx514rfDWDUDPbLq6,15
fuQXKh3o1Ah35FLSBLyhU,1
fuQXKh3o1Ah35FLSBLyhU,7
fuQXKh3o1Ah35FLSBLyhU,9
fuQXKh3o1Ah35FLSBLyhU,16
fWIGAslo7pFesO6XIixBo,8
fD4OxY4BydV8fHQdEHfaj,8
fD4OxY4BydV8fHQdEHfaj,1
fD4OxY4BydV8fHQdEHfaj,2
fD4OxY4BydV8fHQdEHfaj,3
fD4OxY4BydV8fHQdEHfaj,4
fVFRRH4sNrllrLXCFVR5S,8
fVFRRH4sNrllrLXCFVR5S,13
fVFRRH4sNrllrLXCFVR5S,1
fVFRRH4sNrllrLXCFVR5S,2
fVFRRH4sNrllrLXCFVR5S,4
fVFRRH4sNrllrLXCFVR5S,7
fVFRRH4sNrllrLXCFVR5S,9
fThExcmFqFARd3DlXqzuV,2
fThExcmFqFARd3DlXqzuV,3
fThExcmFqFARd3DlXqzuV,9
fX0a2dKnkTnYjDZprZaDC,8
fX0a2dKnkTnYjDZprZaDC,13
fX0a2dKnkTnYjDZprZaDC,1
fX0a2dKnkTnYjDZprZaDC,7
fX0a2dKnkTnYjDZprZaDC,9
fNOlBJ9cxmNnYE6zQQfXa,8
fNOlBJ9cxmNnYE6zQQfXa,2
fNOlBJ9cxmNnYE6zQQfXa,3
f2XnfJvhwm1HpDxng1Z56,8
f2XnfJvhwm1HpDxng1Z56,2
fltD5lnTAN40PFSsS5pRq,8
fltD5lnTAN40PFSsS5pRq,2
fZKCfdgjSEqSe5veU01S5,8
fZKCfdgjSEqSe5veU01S5,1
fZKCfdgjSEqSe5veU01S5,2
fZKCfdgjSEqSe5veU01S5,4
fZKCfdgjSEqSe5veU01S5,17
fcxc2D7mwgfIAbtijvYNQ,2
fcxc2D7mwgfIAbtijvYNQ,10
fcxc2D7mwgfIAbtijvYNQ,6
fcxc2D7mwgfIAbtijvYNQ,16
fcxc2D7mwgfIAbtijvYNQ,5
f0r3vK9VdjaZ4vPK0INVX,14
f0r3vK9VdjaZ4vPK0INVX,8
f0r3vK9VdjaZ4vPK0INVX,1
f0r3vK9VdjaZ4vPK0INVX,2
f0r3vK9VdjaZ4vPK0INVX,10
f0r3vK9VdjaZ4vPK0INVX,3
f0r3vK9VdjaZ4vPK0INVX,4
f0r3vK9VdjaZ4vPK0INVX,6
f78pO8CbEoszmlz6QYQ7P,8
f78pO8CbEoszmlz6QYQ7P,2
fTguUPg5y3kmLm6Nw0K3b,8
fTguUPg5y3kmLm6Nw0K3b,1
fTguUPg5y3kmLm6Nw0K3b,2
fTguUPg5y3kmLm6Nw0K3b,6
fTguUPg5y3kmLm6Nw0K3b,7
fTguUPg5y3kmLm6Nw0K3b,9
fc9VpC2t3pURL0ueMP6Px,8
fc9VpC2t3pURL0ueMP6Px,13
fc9VpC2t3pURL0ueMP6Px,1
fc9VpC2t3pURL0ueMP6Px,2
fc9VpC2t3pURL0ueMP6Px,3
fc9VpC2t3pURL0ueMP6Px,18
fc9VpC2t3pURL0ueMP6Px,7
fc9VpC2t3pURL0ueMP6Px,9
fEFaNm7ReE73kdU4TA5VC,1
fEFaNm7ReE73kdU4TA5VC,2
fEFaNm7ReE73kdU4TA5VC,10
fEFaNm7ReE73kdU4TA5VC,3
fw4vbr4sAlwwV6AYSc0Tw,2
fw4vbr4sAlwwV6AYSc0Tw,10
fDr7HztRdhBVDiKGUZjaH,9
funz9omwvsDZziPdo6RCI,14
funz9omwvsDZziPdo6RCI,2
funz9omwvsDZziPdo6RCI,3
funz9omwvsDZziPdo6RCI,4
funz9omwvsDZziPdo6RCI,7
f7swEYEUWA52OrmEEkTGc,8
f7swEYEUWA52OrmEEkTGc,2
faYHKFDm1tnxgm1F0ymFq,8
faYHKFDm1tnxgm1F0ymFq,13
faYHKFDm1tnxgm1F0ymFq,1
faYHKFDm1tnxgm1F0ymFq,2
faYHKFDm1tnxgm1F0ymFq,10
faYHKFDm1tnxgm1F0ymFq,9
fsjuITgcIq1wjykIjIP1S,19
fsjuITgcIq1wjykIjIP1S,14
fsjuITgcIq1wjykIjIP1S,8
fsjuITgcIq1wjykIjIP1S,13
fsjuITgcIq1wjykIjIP1S,1
fsjuITgcIq1wjykIjIP1S,2
fsjuITgcIq1wjykIjIP1S,3
fsjuITgcIq1wjykIjIP1S,4
fsjuITgcIq1wjykIjIP1S,6
f2HBxAPbRAXRYxZRjUXDg,8
f2HBxAPbRAXRYxZRjUXDg,13
f2HBxAPbRAXRYxZRjUXDg,1
f2HBxAPbRAXRYxZRjUXDg,2
f2HBxAPbRAXRYxZRjUXDg,10
f2HBxAPbRAXRYxZRjUXDg,3
f2HBxAPbRAXRYxZRjUXDg,7
fbDTlWX23OZJAGkJKl3Sa,19
fbDTlWX23OZJAGkJKl3Sa,14
fbDTlWX23OZJAGkJKl3Sa,8
fbDTlWX23OZJAGkJKl3Sa,12
fR5V7WcAq23BeGuPXJxQr,8
fR5V7WcAq23BeGuPXJxQr,2
fR5V7WcAq23BeGuPXJxQr,10
fR5V7WcAq23BeGuPXJxQr,3
fR5V7WcAq23BeGuPXJxQr,12
fMX70E2pArtSE6XkUYIHV,1
fMX70E2pArtSE6XkUYIHV,4
fMX70E2pArtSE6XkUYIHV,7
fMX70E2pArtSE6XkUYIHV,15
fIyZJGefeQJFMg8rntmUV,13
fIyZJGefeQJFMg8rntmUV,2
fIyZJGefeQJFMg8rntmUV,4
fIyZJGefeQJFMg8rntmUV,7
fIyZJGefeQJFMg8rntmUV,9
fDkOuEFlsHs1V1ehx5Nsx,13
fDkOuEFlsHs1V1ehx5Nsx,2
fDkOuEFlsHs1V1ehx5Nsx,10
fDkOuEFlsHs1V1ehx5Nsx,4
fDkOuEFlsHs1V1ehx5Nsx,12
fQgLwOSmzy3wjid4pbrD2,8
fQgLwOSmzy3wjid4pbrD2,12
fKCvkkEwyQBGkPO08nK1d,8
fKCvkkEwyQBGkPO08nK1d,2
fKCvkkEwyQBGkPO08nK1d,3
fKCvkkEwyQBGkPO08nK1d,9
fKCvkkEwyQBGkPO08nK1d,5
f907quL6QM9KgBprukeCi,13
f907quL6QM9KgBprukeCi,1
f907quL6QM9KgBprukeCi,2
f907quL6QM9KgBprukeCi,4
f907quL6QM9KgBprukeCi,7
fBMDk4ccsxWrvuU9sBH1G,8
fBMDk4ccsxWrvuU9sBH1G,2
fBMDk4ccsxWrvuU9sBH1G,10
fBMDk4ccsxWrvuU9sBH1G,4
fBMDk4ccsxWrvuU9sBH1G,9
famt7yPjM0HbhF1nMSNG1,8
famt7yPjM0HbhF1nMSNG1,2
fCOg14DY12jWHZ9bSvUrb,1
fCOg14DY12jWHZ9bSvUrb,4
fCOg14DY12jWHZ9bSvUrb,11
fCOg14DY12jWHZ9bSvUrb,7
fo1Ept6x2l1OaVlvDF2WC,8
flAuAmGaWZJUA1Na2JyGI,8
flAuAmGaWZJUA1Na2JyGI,13
flAuAmGaWZJUA1Na2JyGI,2
flAuAmGaWZJUA1Na2JyGI,3
flAuAmGaWZJUA1Na2JyGI,4
flAuAmGaWZJUA1Na2JyGI,7
flAuAmGaWZJUA1Na2JyGI,12
flAuAmGaWZJUA1Na2JyGI,20
fOa78NAnrtlZKRvVf2lYJ,8
fOa78NAnrtlZKRvVf2lYJ,2
fOa78NAnrtlZKRvVf2lYJ,9
fOa78NAnrtlZKRvVf2lYJ,12
fR5XllJk9ymzVmmc0sa3G,14
fR5XllJk9ymzVmmc0sa3G,3
fR5XllJk9ymzVmmc0sa3G,9
fiUIkvahAIPuTGQkXpFrS,8
fiUIkvahAIPuTGQkXpFrS,2
fCSEQ7wsSxftUGs0JEygF,8
fCSEQ7wsSxftUGs0JEygF,2
fEI8XbHYJ3fql8QtiOEdM,8
fEI8XbHYJ3fql8QtiOEdM,7
fXAXNtNXGHdos90WVqSLe,8
fXAXNtNXGHdos90WVqSLe,3
fXAXNtNXGHdos90WVqSLe,12
fbbbuJOP4ev6fvIhMsCam,2
fbbbuJOP4ev6fvIhMsCam,9
f6IUh6sLgAJAcjOP2T1Dc,8
f6IUh6sLgAJAcjOP2T1Dc,13
f6IUh6sLgAJAcjOP2T1Dc,1
f6IUh6sLgAJAcjOP2T1Dc,3
f6IUh6sLgAJAcjOP2T1Dc,9
f39pQaqcQsXgD31V8fVnn,2
f39pQaqcQsXgD31V8fVnn,9
f55RprQv5Xmewe2ypYrP1,8
f55RprQv5Xmewe2ypYrP1,2
f55RprQv5Xmewe2ypYrP1,10
f55RprQv5Xmewe2ypYrP1,3
fiemGNP6pJ9wFMsm9SJcX,8
fiemGNP6pJ9wFMsm9SJcX,13
fiemGNP6pJ9wFMsm9SJcX,1
fiemGNP6pJ9wFMsm9SJcX,2
fiemGNP6pJ9wFMsm9SJcX,21
fiemGNP6pJ9wFMsm9SJcX,7
fiemGNP6pJ9wFMsm9SJcX,12
fNwDYFDV2hjIU62d2csxQ,8
fNwDYFDV2hjIU62d2csxQ,11
fNwDYFDV2hjIU62d2csxQ,15
ffLWoPYLL8PjK9GVLaD4u,14
ffLWoPYLL8PjK9GVLaD4u,8
ffLWoPYLL8PjK9GVLaD4u,2
ffLWoPYLL8PjK9GVLaD4u,4
ffLWoPYLL8PjK9GVLaD4u,9
fVOnZlFX96qae41DyswNC,8
fVOnZlFX96qae41DyswNC,2
f46HDOnYs9PLy56Yqf0n0,8
f46HDOnYs9PLy56Yqf0n0,2
f46HDOnYs9PLy56Yqf0n0,7
fLQwGh6peCh7048fBE5f8,8
fLQwGh6peCh7048fBE5f8,1
fLQwGh6peCh7048fBE5f8,2
fLQwGh6peCh7048fBE5f8,3
fLQwGh6peCh7048fBE5f8,4
fLQwGh6peCh7048fBE5f8,7
fLQwGh6peCh7048fBE5f8,9
fLQwGh6peCh7048fBE5f8,12
fLQwGh6peCh7048fBE5f8,15
fqW4MVRnmKreX5doVDsLN,14
fqW4MVRnmKreX5doVDsLN,8
fqW4MVRnmKreX5doVDsLN,13
fqW4MVRnmKreX5doVDsLN,1
fqW4MVRnmKreX5doVDsLN,2
fqW4MVRnmKreX5doVDsLN,10
fqW4MVRnmKreX5doVDsLN,3
fqW4MVRnmKreX5doVDsLN,4
fhyQgRGfe5b8ltpTSW8Cq,14
fhyQgRGfe5b8ltpTSW8Cq,8
fhyQgRGfe5b8ltpTSW8Cq,1
fhyQgRGfe5b8ltpTSW8Cq,2
fhyQgRGfe5b8ltpTSW8Cq,3
fhyQgRGfe5b8ltpTSW8Cq,6
fhyQgRGfe5b8ltpTSW8Cq,7
fA0aKkGZn9knzGw76J5NW,8
fA0aKkGZn9knzGw76J5NW,10
fA0aKkGZn9knzGw76J5NW,3
fA0aKkGZn9knzGw76J5NW,6
fKZY0ZgaJ2UbTWAsQgKds,1
fKZY0ZgaJ2UbTWAsQgKds,2
fKZY0ZgaJ2UbTWAsQgKds,4
fKZY0ZgaJ2UbTWAsQgKds,7
fKZY0ZgaJ2UbTWAsQgKds,5
fHz7fA2vQDcU5VBI3Obuj,8
fHz7fA2vQDcU5VBI3Obuj,2
fHz7fA2vQDcU5VBI3Obuj,18
fzwWbsHrZxEyEiiWAAnTH,8
fzwWbsHrZxEyEiiWAAnTH,2
fzwWbsHrZxEyEiiWAAnTH,3
fzwWbsHrZxEyEiiWAAnTH,4
fzwWbsHrZxEyEiiWAAnTH,6
fllPwC0bzxII5tvLqmI1c,2
fllPwC0bzxII5tvLqmI1c,9
fFBLRCJMEubelAH7ijLcF,2
fFBLRCJMEubelAH7ijLcF,3
fFBLRCJMEubelAH7ijLcF,9
fl4lhZeG08PVHPjTMO5FB,8
fl4lhZeG08PVHPjTMO5FB,2
fl4lhZeG08PVHPjTMO5FB,10
fl4lhZeG08PVHPjTMO5FB,3
fcZe0nFzLIfJ6dqIWiCLc,8
fcZe0nFzLIfJ6dqIWiCLc,2
fx9Px1c0Py05wsvYBZgjR,8
fx9Px1c0Py05wsvYBZgjR,9
fx9Px1c0Py05wsvYBZgjR,5
f6YvQ7GwQcBSlxqH7mBk7,19
f6YvQ7GwQcBSlxqH7mBk7,2
f6YvQ7GwQcBSlxqH7mBk7,3
fR1pQCOFIu3olJl2oHGT9,8
fR1pQCOFIu3olJl2oHGT9,2
fqTl66I8sNNQgmIYRetgx,8
fqTl66I8sNNQgmIYRetgx,2
fqTl66I8sNNQgmIYRetgx,3
fpXuiXFyswQ1wIW0a0EaV,8
fpXuiXFyswQ1wIW0a0EaV,11
fREj9OQel7ZKwTJfrxZbT,8
fREj9OQel7ZKwTJfrxZbT,3
fREj9OQel7ZKwTJfrxZbT,9
fDlg8adYnRq9KVits6yJ0,19
fDlg8adYnRq9KVits6yJ0,14
fDlg8adYnRq9KVits6yJ0,8
fDlg8adYnRq9KVits6yJ0,13
fDlg8adYnRq9KVits6yJ0,1
fDlg8adYnRq9KVits6yJ0,2
fBpv3P2uVBnZwFvnT3Atn,8
fBpv3P2uVBnZwFvnT3Atn,13
fBpv3P2uVBnZwFvnT3Atn,1
fBpv3P2uVBnZwFvnT3Atn,3
fBpv3P2uVBnZwFvnT3Atn,9
fDEB7xmM6GF0jtogHdmxz,8
fDEB7xmM6GF0jtogHdmxz,13
fDEB7xmM6GF0jtogHdmxz,1
fDEB7xmM6GF0jtogHdmxz,7
fDEB7xmM6GF0jtogHdmxz,9
fDEB7xmM6GF0jtogHdmxz,22
fDEB7xmM6GF0jtogHdmxz,23
fValrc6P3RVxsXnoxEHvj,14
fValrc6P3RVxsXnoxEHvj,8
fValrc6P3RVxsXnoxEHvj,7
fValrc6P3RVxsXnoxEHvj,9
fValrc6P3RVxsXnoxEHvj,17
fn7LXAIODfJ0cTNoL5u9F,8
fn7LXAIODfJ0cTNoL5u9F,2
fn7LXAIODfJ0cTNoL5u9F,10
fvwv2ljuzxU3igZcO4yjJ,8
fvwv2ljuzxU3igZcO4yjJ,1
fvwv2ljuzxU3igZcO4yjJ,2
fvwv2ljuzxU3igZcO4yjJ,3
fvwv2ljuzxU3igZcO4yjJ,4
fvwv2ljuzxU3igZcO4yjJ,7
fvwv2ljuzxU3igZcO4yjJ,9
fvwv2ljuzxU3igZcO4yjJ,5
fY9XoNSa71UehjbvIOJ8w,14
fY9XoNSa71UehjbvIOJ8w,13
fY9XoNSa71UehjbvIOJ8w,1
fY9XoNSa71UehjbvIOJ8w,2
fY9XoNSa71UehjbvIOJ8w,3
fY9XoNSa71UehjbvIOJ8w,4
fY9XoNSa71UehjbvIOJ8w,6
fY9XoNSa71UehjbvIOJ8w,7
fY9XoNSa71UehjbvIOJ8w,16
fWqz0Pe2I5QlC3QA31lT2,8
fWqz0Pe2I5QlC3QA31lT2,3
fWqz0Pe2I5QlC3QA31lT2,24
fWqz0Pe2I5QlC3QA31lT2,9
fNeCMnc0bEOIkg3AhukLW,8
fNeCMnc0bEOIkg3AhukLW,1
fNeCMnc0bEOIkg3AhukLW,2
fNeCMnc0bEOIkg3AhukLW,3
fNeCMnc0bEOIkg3AhukLW,4
fNeCMnc0bEOIkg3AhukLW,6
fNeCMnc0bEOIkg3AhukLW,7
fNeCMnc0bEOIkg3AhukLW,9
fNeCMnc0bEOIkg3AhukLW,5
fpxqvzAixlGf0ylqP76Xs,8
fpxqvzAixlGf0ylqP76Xs,2
fpxqvzAixlGf0ylqP76Xs,3
fpxqvzAixlGf0ylqP76Xs,9
fZzVJZc6czjRYa8Z88Am5,8
fZzVJZc6czjRYa8Z88Am5,3
fZzVJZc6czjRYa8Z88Am5,18
fBqDKIZD1jbdolLuCXQLw,8
fBqDKIZD1jbdolLuCXQLw,2
fBqDKIZD1jbdolLuCXQLw,18
fBqDKIZD1jbdolLuCXQLw,9
fqs1K0DLnFegJUZRxpDdE,14
fqs1K0DLnFegJUZRxpDdE,8
fqs1K0DLnFegJUZRxpDdE,1
fqs1K0DLnFegJUZRxpDdE,2
fqs1K0DLnFegJUZRxpDdE,7
fRRdLiG4bv0VLWblGavns,8
fRRdLiG4bv0VLWblGavns,18
fRRdLiG4bv0VLWblGavns,7
fRRdLiG4bv0VLWblGavns,9
fRRdLiG4bv0VLWblGavns,17
fRRdLiG4bv0VLWblGavns,15
fRRdLiG4bv0VLWblGavns,5
fRRdLiG4bv0VLWblGavns,23
f0i4tJenuSL6PgjIhxSae,19
f0i4tJenuSL6PgjIhxSae,13
f0i4tJenuSL6PgjIhxSae,3
f0i4tJenuSL6PgjIhxSae,18
f0i4tJenuSL6PgjIhxSae,9
fCrd6vHxX18MVte5ESy1y,8
fCrd6vHxX18MVte5ESy1y,2
fCrd6vHxX18MVte5ESy1y,3
fSYb86QyIdykGct0HdO6m,8
fSYb86QyIdykGct0HdO6m,9
fSYb86QyIdykGct0HdO6m,23
f6D83j4d7LuMywYSkUgz4,8
f6D83j4d7LuMywYSkUgz4,13
f6D83j4d7LuMywYSkUgz4,2
f6D83j4d7LuMywYSkUgz4,3
f6D83j4d7LuMywYSkUgz4,21
f6D83j4d7LuMywYSkUgz4,18
f6D83j4d7LuMywYSkUgz4,11
f6D83j4d7LuMywYSkUgz4,6
fpNZv1hmyFowgXg4X2n0A,13
fpNZv1hmyFowgXg4X2n0A,3
fpNZv1hmyFowgXg4X2n0A,4
fpNZv1hmyFowgXg4X2n0A,11
fpNZv1hmyFowgXg4X2n0A,7
fpNZv1hmyFowgXg4X2n0A,9
fkVNQcDADOmmgI53i9lLw,8
fkVNQcDADOmmgI53i9lLw,2
fkVNQcDADOmmgI53i9lLw,3
fkVNQcDADOmmgI53i9lLw,12
fUSx7aNtwxvJLz80Akldo,13
fUSx7aNtwxvJLz80Akldo,2
fUSx7aNtwxvJLz80Akldo,10
fUSx7aNtwxvJLz80Akldo,3
fUSx7aNtwxvJLz80Akldo,4
fDGI12EFq5rEDm5XNmB3r,3
fDGI12EFq5rEDm5XNmB3r,9
f8k2pS09ZleDSEite16WE,8
fRv3CNRDZOFDPINgYnNhV,19
fRv3CNRDZOFDPINgYnNhV,13
fRv3CNRDZOFDPINgYnNhV,1
fRv3CNRDZOFDPINgYnNhV,2
fRv3CNRDZOFDPINgYnNhV,7
fRv3CNRDZOFDPINgYnNhV,9
fJZb3MvURURKxy4Qh7aKJ,8
fJZb3MvURURKxy4Qh7aKJ,3
fJZb3MvURURKxy4Qh7aKJ,11
fJZb3MvURURKxy4Qh7aKJ,9
fJZb3MvURURKxy4Qh7aKJ,5
fhTFJ6hhP3o15hPo5IsBD,8
fhTFJ6hhP3o15hPo5IsBD,3
fhTFJ6hhP3o15hPo5IsBD,5
fgBoM3ZiKG8PyHQLSuvle,8
fgBoM3ZiKG8PyHQLSuvle,2
fLeTrvsqBqUG9CpeX39CF,8
fLeTrvsqBqUG9CpeX39CF,1
fLeTrvsqBqUG9CpeX39CF,2
fLeTrvsqBqUG9CpeX39CF,4
fLeTrvsqBqUG9CpeX39CF,6
fLeTrvsqBqUG9CpeX39CF,7
fLeTrvsqBqUG9CpeX39CF,5
fVEwE1ddeu1XQ33EA8szm,2
fVEwE1ddeu1XQ33EA8szm,10
fVEwE1ddeu1XQ33EA8szm,9
fVEwE1ddeu1XQ33EA8szm,12
fnndw3I6B3NXyZPC2SQq9,13
fnndw3I6B3NXyZPC2SQq9,1
fnndw3I6B3NXyZPC2SQq9,2
fnndw3I6B3NXyZPC2SQq9,7
fnndw3I6B3NXyZPC2SQq9,9
fjPRZwZDEuTluGf1ESLTe,2
fjPRZwZDEuTluGf1ESLTe,10
fjPRZwZDEuTluGf1ESLTe,3
f6vfKRSGjjMRYmRfB6EWX,2
f6vfKRSGjjMRYmRfB6EWX,3
f6vfKRSGjjMRYmRfB6EWX,9
fMnpAOOSa2LfBvYzm2tSz,8
fMnpAOOSa2LfBvYzm2tSz,2
fMnpAOOSa2LfBvYzm2tSz,18
fMnpAOOSa2LfBvYzm2tSz,9
fG6WPVgrEnPtRmKtr3hOC,8
fG6WPVgrEnPtRmKtr3hOC,1
fG6WPVgrEnPtRmKtr3hOC,2
fG6WPVgrEnPtRmKtr3hOC,6
fG6WPVgrEnPtRmKtr3hOC,7
fG6WPVgrEnPtRmKtr3hOC,9
fLWBz7pQjNWuhYlS4b1q7,2
fedBHFZZDa6ONwvfnny7b,8
fedBHFZZDa6ONwvfnny7b,2
fTlsNN32xwEM5l9XbrYKc,8
fTlsNN32xwEM5l9XbrYKc,2
fTlsNN32xwEM5l9XbrYKc,9
fyWRWEV0xXNuwQvPl8BNI,8
fyWRWEV0xXNuwQvPl8BNI,1
fyWRWEV0xXNuwQvPl8BNI,4
fyWRWEV0xXNuwQvPl8BNI,11
fyWRWEV0xXNuwQvPl8BNI,7
fX8nal71nWrVylX7EFTHd,8
fX8nal71nWrVylX7EFTHd,3
fX8nal71nWrVylX7EFTHd,11
fX8nal71nWrVylX7EFTHd,7
fX8nal71nWrVylX7EFTHd,25
f5dN43yKqmtRwwey7YmVy,8
f5dN43yKqmtRwwey7YmVy,2
f5dN43yKqmtRwwey7YmVy,3
f5dN43yKqmtRwwey7YmVy,15
f5dN43yKqmtRwwey7YmVy,23
fvP45bkNBTScXVaZwArDA,8
fvP45bkNBTScXVaZwArDA,2
fvP45bkNBTScXVaZwArDA,26
fvP45bkNBTScXVaZwArDA,9
f6CCx5hJJmWDpqNqQgGZR,2
f6CCx5hJJmWDpqNqQgGZR,3
f6CCx5hJJmWDpqNqQgGZR,7
f6CCx5hJJmWDpqNqQgGZR,9
fUUYKjpIekDNOSbDnTBty,8
fUUYKjpIekDNOSbDnTBty,2
fUUYKjpIekDNOSbDnTBty,3
fVVmuVVLuZ2TWgE9595wS,9
fVVmuVVLuZ2TWgE9595wS,27
f2d6qQ0VXjmsQU930FSij,8
f2d6qQ0VXjmsQU930FSij,2
f2d6qQ0VXjmsQU930FSij,3
f2d6qQ0VXjmsQU930FSij,7
f2d6qQ0VXjmsQU930FSij,12
fYc1m1VlpvAg3y4pWgQGG,6
fpaRPvOq4304S8QR7WQaH,8
fpaRPvOq4304S8QR7WQaH,3
fzVmkP4DJ8jAY1lS9JxnC,8
fzVmkP4DJ8jAY1lS9JxnC,2
fzVmkP4DJ8jAY1lS9JxnC,3
fzVmkP4DJ8jAY1lS9JxnC,11
f2msdQjBcfaQcEHeJv9JX,2
f2msdQjBcfaQcEHeJv9JX,3
f2msdQjBcfaQcEHeJv9JX,9
fbbEEk4o4hVMBAgzsQERY,10
fbbEEk4o4hVMBAgzsQERY,3
fbbEEk4o4hVMBAgzsQERY,18
fbbEEk4o4hVMBAgzsQERY,9
fbbEEk4o4hVMBAgzsQERY,12
fBqThTvUKZvPSisnmahb0,13
fBqThTvUKZvPSisnmahb0,10
fBqThTvUKZvPSisnmahb0,11
fBqThTvUKZvPSisnmahb0,7
fBqThTvUKZvPSisnmahb0,27
fzGs0kY8RNS7qYpzAi696,19
fzGs0kY8RNS7qYpzAi696,14
fzGs0kY8RNS7qYpzAi696,11
fzGs0kY8RNS7qYpzAi696,7
fzGs0kY8RNS7qYpzAi696,17
fzcCogoEOtP7Ek16Rr83x,14
fzcCogoEOtP7Ek16Rr83x,8
fzcCogoEOtP7Ek16Rr83x,9
fbbMFZSAGKFV2k44KdX7l,2
fbbMFZSAGKFV2k44KdX7l,10
fbbMFZSAGKFV2k44KdX7l,9
fdWBYAiFG2LGbMDPbMVUI,3
fdWBYAiFG2LGbMDPbMVUI,9
fAEWRhXy8MinSiGWO7Iin,1
fAEWRhXy8MinSiGWO7Iin,2
fAEWRhXy8MinSiGWO7Iin,3
fAEWRhXy8MinSiGWO7Iin,7
f4J0fjed2Z9EfgXJwpgwq,14
f4J0fjed2Z9EfgXJwpgwq,8
f4J0fjed2Z9EfgXJwpgwq,1
f4J0fjed2Z9EfgXJwpgwq,2
f4J0fjed2Z9EfgXJwpgwq,10
f4J0fjed2Z9EfgXJwpgwq,3
f4J0fjed2Z9EfgXJwpgwq,4
f4J0fjed2Z9EfgXJwpgwq,6
f41pRypsoTi0YxVdcZDkM,8
f41pRypsoTi0YxVdcZDkM,2
f41pRypsoTi0YxVdcZDkM,3
fHeVxfUx2bCj6ZtuBRLyY,8
fSDaP0U3mHGCA2V8QCQQb,13
fSDaP0U3mHGCA2V8QCQQb,2
fSDaP0U3mHGCA2V8QCQQb,4
fSDaP0U3mHGCA2V8QCQQb,7
fSDaP0U3mHGCA2V8QCQQb,9
fuu6EHh6CrcbpL1J8TDiF,8
fuu6EHh6CrcbpL1J8TDiF,3
f2y2XmBlBNrNmjwCxm8YZ,8
f2y2XmBlBNrNmjwCxm8YZ,2
f2y2XmBlBNrNmjwCxm8YZ,10
f2y2XmBlBNrNmjwCxm8YZ,12
fG3Ocu3k8DTfcUSyLY6ut,1
fG3Ocu3k8DTfcUSyLY6ut,2
fG3Ocu3k8DTfcUSyLY6ut,3
fQpVmdaRz8CIGnPx8nwBJ,8
fQpVmdaRz8CIGnPx8nwBJ,1
fQpVmdaRz8CIGnPx8nwBJ,2
fQpVmdaRz8CIGnPx8nwBJ,4
fQpVmdaRz8CIGnPx8nwBJ,9
fitLrorXhz8OPJYh1eqg6,8
fitLrorXhz8OPJYh1eqg6,13
fitLrorXhz8OPJYh1eqg6,1
fitLrorXhz8OPJYh1eqg6,10
fitLrorXhz8OPJYh1eqg6,9
fMcu16nB5b5liVRPRg9da,8
fMcu16nB5b5liVRPRg9da,1
fMcu16nB5b5liVRPRg9da,2
fMcu16nB5b5liVRPRg9da,3
fMcu16nB5b5liVRPRg9da,7
fMcu16nB5b5liVRPRg9da,9
fMcu16nB5b5liVRPRg9da,12
fwNMzkCuw30qELrppGJBY,8
fwNMzkCuw30qELrppGJBY,1
fwNMzkCuw30qELrppGJBY,2
fwNMzkCuw30qELrppGJBY,3
fwNMzkCuw30qELrppGJBY,7
fXlDEX0EoLTUa9f0GBR71,8
fXlDEX0EoLTUa9f0GBR71,2
fXlDEX0EoLTUa9f0GBR71,3
fXlDEX0EoLTUa9f0GBR71,18
fXlDEX0EoLTUa9f0GBR71,6
fXlDEX0EoLTUa9f0GBR71,9
fXlDEX0EoLTUa9f0GBR71,15
fXlDEX0EoLTUa9f0GBR71,5
fXlDEX0EoLTUa9f0GBR71,23
fZGC6rX55BAjWgT217USW,2
fZGC6rX55BAjWgT217USW,9
fIIaYuMQTwkajaXs5Kp8D,8
fIIaYuMQTwkajaXs5Kp8D,1
fIIaYuMQTwkajaXs5Kp8D,2
fIIaYuMQTwkajaXs5Kp8D,4
fIIaYuMQTwkajaXs5Kp8D,9
fYzmCLo9xiaoWWK35Yir4,2
fYzmCLo9xiaoWWK35Yir4,9
fKjJ02C6hWWlBi9LyruFF,8
fKjJ02C6hWWlBi9LyruFF,2
fKjJ02C6hWWlBi9LyruFF,3
fKjJ02C6hWWlBi9LyruFF,9
fKjJ02C6hWWlBi9LyruFF,12
f1ghD0upGfa87PJ4ZxHxN,8
f1ghD0upGfa87PJ4ZxHxN,13
f1ghD0upGfa87PJ4ZxHxN,1
f1ghD0upGfa87PJ4ZxHxN,2
f1ghD0upGfa87PJ4ZxHxN,4
f1ghD0upGfa87PJ4ZxHxN,7
f9DZAYBBnUTAGGmQF3yjv,8
f9DZAYBBnUTAGGmQF3yjv,2
f9DZAYBBnUTAGGmQF3yjv,3
f9DZAYBBnUTAGGmQF3yjv,12
feowyKJkrwieEhQLimVfL,2
feowyKJkrwieEhQLimVfL,10
fFD5nO7mHnY4eWt3Hpl1n,1
fFD5nO7mHnY4eWt3Hpl1n,2
fFD5nO7mHnY4eWt3Hpl1n,3
fFD5nO7mHnY4eWt3Hpl1n,6
fFD5nO7mHnY4eWt3Hpl1n,7
fF44brFlINUaTJ6YDZXQj,8
f6Z3kMI5cZMcWrQ0Yi7JK,8
f6Z3kMI5cZMcWrQ0Yi7JK,2
f6Z3kMI5cZMcWrQ0Yi7JK,10
fU7WevCghJdkkDPnU4UCF,8
fU7WevCghJdkkDPnU4UCF,2
fU7WevCghJdkkDPnU4UCF,10
fnCzxKDV1RD5Oy9bdGEW3,8
fnCzxKDV1RD5Oy9bdGEW3,2
fnCzxKDV1RD5Oy9bdGEW3,21
fj3E2iWK3eIjuvBQ1WnW3,13
fj3E2iWK3eIjuvBQ1WnW3,1
fj3E2iWK3eIjuvBQ1WnW3,2
fj3E2iWK3eIjuvBQ1WnW3,3
fj3E2iWK3eIjuvBQ1WnW3,6
fcDoSYXM35mw7UXC85gDb,8
fcDoSYXM35mw7UXC85gDb,2
fcDoSYXM35mw7UXC85gDb,10
fcDoSYXM35mw7UXC85gDb,11
fcDoSYXM35mw7UXC85gDb,9
fSSS1FeGwzie6I4MpritF,8
fSSS1FeGwzie6I4MpritF,2
fSSS1FeGwzie6I4MpritF,10
fSSS1FeGwzie6I4MpritF,3
fSSS1FeGwzie6I4MpritF,12
fOv0Ovj7P3Xaqgn7kuj7R,8
fOv0Ovj7P3Xaqgn7kuj7R,2
fOv0Ovj7P3Xaqgn7kuj7R,10
fEmuVr6RvCcFSwxi0ST9g,8
fEmuVr6RvCcFSwxi0ST9g,2
fEmuVr6RvCcFSwxi0ST9g,6
fEmuVr6RvCcFSwxi0ST9g,7
fEmuVr6RvCcFSwxi0ST9g,9
fEmuVr6RvCcFSwxi0ST9g,5
fQ7Ta0FW2i636fXdeb78y,8
fQ7Ta0FW2i636fXdeb78y,1
fQ7Ta0FW2i636fXdeb78y,2
fQ7Ta0FW2i636fXdeb78y,3
fQ7Ta0FW2i636fXdeb78y,5
f11czGYWFVY1g6EePAoM3,8
f11czGYWFVY1g6EePAoM3,10
f11czGYWFVY1g6EePAoM3,28
fMqcvggtOfw6RqscWUyAJ,8
fMqcvggtOfw6RqscWUyAJ,10
fMqcvggtOfw6RqscWUyAJ,3
f7XAK3LYIMzmOpdC2tx5D,8
f7XAK3LYIMzmOpdC2tx5D,2
f7XAK3LYIMzmOpdC2tx5D,10
fWjpEByKKE7AsHc3TPTJu,4
fWjpEByKKE7AsHc3TPTJu,6
fWjpEByKKE7AsHc3TPTJu,5
fot47RKi5NcMibyOFdEJ6,8
fot47RKi5NcMibyOFdEJ6,2
fot47RKi5NcMibyOFdEJ6,3
fot47RKi5NcMibyOFdEJ6,9
fPZlECdXlEQnLrKCpvme4,8
fPZlECdXlEQnLrKCpvme4,13
fOF8CycIIso1LfmVwN479,8
fOF8CycIIso1LfmVwN479,2
fSNp5oztbjpYDmzIyUhKv,8
fSNp5oztbjpYDmzIyUhKv,13
fSNp5oztbjpYDmzIyUhKv,1
fSNp5oztbjpYDmzIyUhKv,2
fSNp5oztbjpYDmzIyUhKv,3
fynGeO2aynxFAEoDTVwzu,19
fynGeO2aynxFAEoDTVwzu,14
fynGeO2aynxFAEoDTVwzu,8
fynGeO2aynxFAEoDTVwzu,18
fynGeO2aynxFAEoDTVwzu,9
fChjv8IeoJZ6d5oVQaxKW,13
fChjv8IeoJZ6d5oVQaxKW,1
fChjv8IeoJZ6d5oVQaxKW,7
fChjv8IeoJZ6d5oVQaxKW,9
fChjv8IeoJZ6d5oVQaxKW,22
fLatnafdpVaSJQ9s6Bvf0,8
fLatnafdpVaSJQ9s6Bvf0,1
fLatnafdpVaSJQ9s6Bvf0,2
fLatnafdpVaSJQ9s6Bvf0,3
fLatnafdpVaSJQ9s6Bvf0,7
fcIamF4JXrVtT4HIgnD63,8
fcIamF4JXrVtT4HIgnD63,2
fcIamF4JXrVtT4HIgnD63,3
fcIamF4JXrVtT4HIgnD63,9
fNG0ab5Uq9Lzp0cwIaIdt,8
fNG0ab5Uq9Lzp0cwIaIdt,2
fNG0ab5Uq9Lzp0cwIaIdt,3
fNG0ab5Uq9Lzp0cwIaIdt,7
f81AESr2ZYhfOCbP9SHaj,19
f81AESr2ZYhfOCbP9SHaj,14
f81AESr2ZYhfOCbP9SHaj,8
f81AESr2ZYhfOCbP9SHaj,10
fT5Msh7gpWax9xYcgkw6f,2
fT5Msh7gpWax9xYcgkw6f,9
fKdzQXegQF5xkUfOwbBoM,8
fKdzQXegQF5xkUfOwbBoM,24
fKdzQXegQF5xkUfOwbBoM,11
fKdzQXegQF5xkUfOwbBoM,12
fNvpb37z0yXRbJEOoPpyF,8
fNvpb37z0yXRbJEOoPpyF,9
fNvpb37z0yXRbJEOoPpyF,12
fSVPfGDQUAfXGoY3VPzhb,8
fSVPfGDQUAfXGoY3VPzhb,13
fSVPfGDQUAfXGoY3VPzhb,1
fSVPfGDQUAfXGoY3VPzhb,2
fSVPfGDQUAfXGoY3VPzhb,4
fSVPfGDQUAfXGoY3VPzhb,6
fSVPfGDQUAfXGoY3VPzhb,7
fkQAvPDAZccOATSBrrIjo,8
fkQAvPDAZccOATSBrrIjo,2
fkQAvPDAZccOATSBrrIjo,3
fkQAvPDAZccOATSBrrIjo,7
f84CeLtW4Ydgg6q0eSkus,8
f84CeLtW4Ydgg6q0eSkus,13
f84CeLtW4Ydgg6q0eSkus,1
f84CeLtW4Ydgg6q0eSkus,15
f84CeLtW4Ydgg6q0eSkus,16
fMWpJkXKu3U7M3cDM6xwV,8
fMWpJkXKu3U7M3cDM6xwV,2
fMWpJkXKu3U7M3cDM6xwV,9
fMWpJkXKu3U7M3cDM6xwV,15
fMWpJkXKu3U7M3cDM6xwV,5
f58Hn3iuoZT4m23BIw0oM,14
f58Hn3iuoZT4m23BIw0oM,8
f58Hn3iuoZT4m23BIw0oM,3
f58Hn3iuoZT4m23BIw0oM,6
f58Hn3iuoZT4m23BIw0oM,7
f58Hn3iuoZT4m23BIw0oM,9
fsvJ62v5uzzZxKRS5vNx2,8
fsvJ62v5uzzZxKRS5vNx2,10
fsvJ62v5uzzZxKRS5vNx2,3
fsvJ62v5uzzZxKRS5vNx2,9
fsvJ62v5uzzZxKRS5vNx2,5
f7kGXDSAwahLxbPmnflKa,2
f7kGXDSAwahLxbPmnflKa,10
fX5kv8acVWXjKw3hj7JrZ,14
fX5kv8acVWXjKw3hj7JrZ,8
fX5kv8acVWXjKw3hj7JrZ,3
fRBNEbpY1xctaVq4q3CAA,8
fRBNEbpY1xctaVq4q3CAA,9
fOwnW6uNoyb6K2VL80xbb,2
fOwnW6uNoyb6K2VL80xbb,10
fOwnW6uNoyb6K2VL80xbb,3
fOwnW6uNoyb6K2VL80xbb,7
fW88Vn5oWtbDNZPheOJKN,8
fW88Vn5oWtbDNZPheOJKN,1
fW88Vn5oWtbDNZPheOJKN,2
fW88Vn5oWtbDNZPheOJKN,3
fW88Vn5oWtbDNZPheOJKN,12
foIIqQtxl87DIB1EEmGW1,8
foIIqQtxl87DIB1EEmGW1,2
foIIqQtxl87DIB1EEmGW1,3
foIIqQtxl87DIB1EEmGW1,9
fOoaz0FhOsdfukVwjBYXn,8
fOoaz0FhOsdfukVwjBYXn,9
fg57jueWYfrC4NEY2zVDl,8
fg57jueWYfrC4NEY2zVDl,10
fg57jueWYfrC4NEY2zVDl,9
fxUed3vx2jXn2bDjQBARb,8
fxUed3vx2jXn2bDjQBARb,9
f5fgtEkj6E3KNkGVHNtub,8
f5fgtEkj6E3KNkGVHNtub,10
f5fgtEkj6E3KNkGVHNtub,9
fiGTxfG8ozre9OUenHaJE,8
fiGTxfG8ozre9OUenHaJE,2
fVem0hBGr200RDfKiHdvR,2
fVem0hBGr200RDfKiHdvR,10
fJANewMkTRAhBrO5jXmF1,8
fJANewMkTRAhBrO5jXmF1,9
fPxwls2LqwdHPNcDbAciA,2
fPxwls2LqwdHPNcDbAciA,10
fPxwls2LqwdHPNcDbAciA,7
fPxwls2LqwdHPNcDbAciA,12
fY05Z3SrobMoZKRgRyvrZ,8
fY05Z3SrobMoZKRgRyvrZ,9
fk4gxdoQ7YdIXzsX8UIVi,8
fk4gxdoQ7YdIXzsX8UIVi,13
fk4gxdoQ7YdIXzsX8UIVi,1
fk4gxdoQ7YdIXzsX8UIVi,3
fk4gxdoQ7YdIXzsX8UIVi,7
fk4gxdoQ7YdIXzsX8UIVi,9
fgcxHrVTJATDHC5snVjpP,8
fgcxHrVTJATDHC5snVjpP,3
fgcxHrVTJATDHC5snVjpP,9
fexco94lGDcrj4D3HSsG8,8
fexco94lGDcrj4D3HSsG8,1
fexco94lGDcrj4D3HSsG8,10
fexco94lGDcrj4D3HSsG8,3
f6TAjROH3rR4uy0xntIoG,2
f6TAjROH3rR4uy0xntIoG,3
f6TAjROH3rR4uy0xntIoG,9
f6TAjROH3rR4uy0xntIoG,5
fbz9igVHUB7EFfxRPcDZb,11
fbz9igVHUB7EFfxRPcDZb,6
fbz9igVHUB7EFfxRPcDZb,28
fbz9igVHUB7EFfxRPcDZb,12
faAX9N0pYEXEBpTonP7l4,8
faAX9N0pYEXEBpTonP7l4,2
faAX9N0pYEXEBpTonP7l4,3
faAX9N0pYEXEBpTonP7l4,9
faAX9N0pYEXEBpTonP7l4,5
fe0Y4s6jpd3cDJ5oUw72E,14
fe0Y4s6jpd3cDJ5oUw72E,8
fe0Y4s6jpd3cDJ5oUw72E,9
fIbpn9uxbLdl95qe3Uxgh,14
fIbpn9uxbLdl95qe3Uxgh,8
fIbpn9uxbLdl95qe3Uxgh,2
fIbpn9uxbLdl95qe3Uxgh,3
fggfYwGqb663siXibDaii,8
fggfYwGqb663siXibDaii,1
fggfYwGqb663siXibDaii,4
fggfYwGqb663siXibDaii,6
fggfYwGqb663siXibDaii,7
fVb0eFjkg6ulRSURSUMjf,2
fVb0eFjkg6ulRSURSUMjf,3
fVb0eFjkg6ulRSURSUMjf,9
fo5ZWdsgFVVR7BMV7Ryzl,2
fo5ZWdsgFVVR7BMV7Ryzl,9
fXqztagwoAH2yAQ7fNawX,8
fXqztagwoAH2yAQ7fNawX,2
fXqztagwoAH2yAQ7fNawX,9
fZqyuporngGeOQc4y5NGU,8
fZqyuporngGeOQc4y5NGU,2
fZqyuporngGeOQc4y5NGU,3
fvixOeNCuZoCHT9Zrh1dK,8
fvixOeNCuZoCHT9Zrh1dK,3
fvixOeNCuZoCHT9Zrh1dK,12
f45EvWH2EKM4j2tttr3hg,8
f45EvWH2EKM4j2tttr3hg,3
fYQNzmDeRslyeofWZ2MZf,14
fYQNzmDeRslyeofWZ2MZf,2
fYQNzmDeRslyeofWZ2MZf,7
fv50vw8uVdRmztaB5WIEa,8
fv50vw8uVdRmztaB5WIEa,2
fv50vw8uVdRmztaB5WIEa,3
fv50vw8uVdRmztaB5WIEa,4
fv50vw8uVdRmztaB5WIEa,9
ffy28EhtLLxsivM8SBRYZ,14
ffy28EhtLLxsivM8SBRYZ,8
ffy28EhtLLxsivM8SBRYZ,2
ffy28EhtLLxsivM8SBRYZ,3
ffy28EhtLLxsivM8SBRYZ,6
ffy28EhtLLxsivM8SBRYZ,7
ffy28EhtLLxsivM8SBRYZ,5
fXrJchJzO7EiJjazTyJBO,8
fXrJchJzO7EiJjazTyJBO,2
fXrJchJzO7EiJjazTyJBO,3
fXrJchJzO7EiJjazTyJBO,6
fXrJchJzO7EiJjazTyJBO,9
f0n9sTy3mVJ3oxERVOufa,8
f0n9sTy3mVJ3oxERVOufa,9
falubBhOowT8WQrYJjqPu,8
falubBhOowT8WQrYJjqPu,29
falubBhOowT8WQrYJjqPu,28
falubBhOowT8WQrYJjqPu,9
fPQoW54pbC6mqHbhla4iB,8
fPQoW54pbC6mqHbhla4iB,1
fPQoW54pbC6mqHbhla4iB,2
fPQoW54pbC6mqHbhla4iB,6
fPQoW54pbC6mqHbhla4iB,9
fbThKoK6HSvLKt5KxzmBz,2
fPpStmu3qJTFGBWTaqXVP,8
fPpStmu3qJTFGBWTaqXVP,2
f1CHcL19zvyHRu7TFRwZq,8
f1CHcL19zvyHRu7TFRwZq,9
fS03uIcd4Tt0JKI7qk9dC,8
fS03uIcd4Tt0JKI7qk9dC,7
fH3RoyNgB0ah0eC6UMnL3,8
fH3RoyNgB0ah0eC6UMnL3,13
fH3RoyNgB0ah0eC6UMnL3,1
fH3RoyNgB0ah0eC6UMnL3,2
fH3RoyNgB0ah0eC6UMnL3,3
fH3RoyNgB0ah0eC6UMnL3,4
fH3RoyNgB0ah0eC6UMnL3,5
fzZfDW9u6SG4rbxQfdKg0,8
fzZfDW9u6SG4rbxQfdKg0,2
fHOxBb4VWfy2fF53X779R,8
fHOxBb4VWfy2fF53X779R,2
fHOxBb4VWfy2fF53X779R,10
fHOxBb4VWfy2fF53X779R,9
f0j9YWBhZVd1FmDb7T2Am,8
f0j9YWBhZVd1FmDb7T2Am,6
fkIwhKSDoubiTZ2mOthda,8
fkIwhKSDoubiTZ2mOthda,1
fkIwhKSDoubiTZ2mOthda,2
fkIwhKSDoubiTZ2mOthda,10
fkIwhKSDoubiTZ2mOthda,6
fkIwhKSDoubiTZ2mOthda,7
fkIwhKSDoubiTZ2mOthda,9
fYFd9UYbmfQsPVpByD1tL,8
fYFd9UYbmfQsPVpByD1tL,2
fYFd9UYbmfQsPVpByD1tL,10
fYFd9UYbmfQsPVpByD1tL,18
f4trV95c0QxDF3skGBqDP,8
f4trV95c0QxDF3skGBqDP,2
f4trV95c0QxDF3skGBqDP,10
f4trV95c0QxDF3skGBqDP,3
f4trV95c0QxDF3skGBqDP,18
f4trV95c0QxDF3skGBqDP,11
f8G4utc1jbqgKEzCtJYuv,8
f8G4utc1jbqgKEzCtJYuv,1
f8G4utc1jbqgKEzCtJYuv,2
f8G4utc1jbqgKEzCtJYuv,6
f8G4utc1jbqgKEzCtJYuv,7
f8G4utc1jbqgKEzCtJYuv,9
fEbeIPzya7EJGGH5ozp6m,8
fEbeIPzya7EJGGH5ozp6m,2
fEbeIPzya7EJGGH5ozp6m,10
fsuZnXKqf7dhXpJKBCnfB,1
fsuZnXKqf7dhXpJKBCnfB,6
fsuZnXKqf7dhXpJKBCnfB,7
fmRInLacpuTqUPGciKOor,8
fmRInLacpuTqUPGciKOor,2
fC3PiNWfVJ3KlFGrErB3u,24
fC3PiNWfVJ3KlFGrErB3u,11
fC3PiNWfVJ3KlFGrErB3u,28
fC3PiNWfVJ3KlFGrErB3u,27
fZVUEGUMjJuLTtN3GvHTq,8
fZVUEGUMjJuLTtN3GvHTq,2
fZVUEGUMjJuLTtN3GvHTq,10
fZVUEGUMjJuLTtN3GvHTq,18
fZVUEGUMjJuLTtN3GvHTq,12
fNg1VYbTX65it1748G44g,8
fNg1VYbTX65it1748G44g,2
fNg1VYbTX65it1748G44g,3
fNg1VYbTX65it1748G44g,21
fIKA4behlzLUt6rIQsK0B,2
fD6vBNYV9Ypq6za0bE2sl,8
fBP4jQ14qHvIemW9877Cj,8
fBP4jQ14qHvIemW9877Cj,3
f73WAB9kRi4ksHnwQzsnC,8
f73WAB9kRi4ksHnwQzsnC,6
f73WAB9kRi4ksHnwQzsnC,9
fRwddcF4RWZsjBwXSGjAy,2
fRwddcF4RWZsjBwXSGjAy,9
frGcubqaqeMmGcoQmI4vq,8
frGcubqaqeMmGcoQmI4vq,2
frGcubqaqeMmGcoQmI4vq,3
frGcubqaqeMmGcoQmI4vq,9
f05C8ZXZjHZrZaeUB8eYN,14
f05C8ZXZjHZrZaeUB8eYN,2
f05C8ZXZjHZrZaeUB8eYN,9
f05C8ZXZjHZrZaeUB8eYN,12
fOeIhAcrDOKgx8gpV1q67,19
fOeIhAcrDOKgx8gpV1q67,14
fOeIhAcrDOKgx8gpV1q67,8
fDzPEsTSn5tidn4HxCnhN,13
fDzPEsTSn5tidn4HxCnhN,2
fDzPEsTSn5tidn4HxCnhN,10
fDzPEsTSn5tidn4HxCnhN,9
fDzPEsTSn5tidn4HxCnhN,12
fsJN17rx44WJbWEljfZX4,8
fsJN17rx44WJbWEljfZX4,2
fwPziVrThTJheqZ6iYRNC,2
fwPziVrThTJheqZ6iYRNC,3
fybtm2Hve26Y9cXqANP4h,8
fybtm2Hve26Y9cXqANP4h,3
fybtm2Hve26Y9cXqANP4h,9
fQGZ1K6vhLQ3Q1Iep0Eyi,8
foC37FduQx4O31HG8N0yN,2
foC37FduQx4O31HG8N0yN,18
foC37FduQx4O31HG8N0yN,9
fJbNQBQMvIlxM78O35RkI,8
fJbNQBQMvIlxM78O35RkI,2
fJbNQBQMvIlxM78O35RkI,9
fmsAxK9FPgU7QxAdjGsxh,8
fmsAxK9FPgU7QxAdjGsxh,10
fmsAxK9FPgU7QxAdjGsxh,3
fmsAxK9FPgU7QxAdjGsxh,12
fHUSsQmG5FFUvaJ8r4z5d,13
fHUSsQmG5FFUvaJ8r4z5d,2
fHUSsQmG5FFUvaJ8r4z5d,10
fHUSsQmG5FFUvaJ8r4z5d,3
fHUSsQmG5FFUvaJ8r4z5d,4
fHUSsQmG5FFUvaJ8r4z5d,6
fHUSsQmG5FFUvaJ8r4z5d,7
fwxydujXuW5ZDsKJe4CPH,8
fwxydujXuW5ZDsKJe4CPH,2
fwxydujXuW5ZDsKJe4CPH,10
fwxydujXuW5ZDsKJe4CPH,3
fKVNI2OZD923g6WYrCs9t,2
fqvB226vGq18C3Bdx3zrL,8
fqvB226vGq18C3Bdx3zrL,3
fqvB226vGq18C3Bdx3zrL,5
f4lTN9E0MLxzYdRc7g4YP,8
f4lTN9E0MLxzYdRc7g4YP,10
f2wD9bN6zHS57YGaoVqL3,8
f2wD9bN6zHS57YGaoVqL3,2
f2wD9bN6zHS57YGaoVqL3,9
fRfCrKJo0Om9LyErWeAdv,2
fRfCrKJo0Om9LyErWeAdv,9
fZtUcJw5L7tGTUDaoiklw,8
fZtUcJw5L7tGTUDaoiklw,2
fZtUcJw5L7tGTUDaoiklw,3
fZtUcJw5L7tGTUDaoiklw,9
f7getZIkRd0WzBmEZnvLK,2
f7getZIkRd0WzBmEZnvLK,10
f7getZIkRd0WzBmEZnvLK,7
f7getZIkRd0WzBmEZnvLK,12
fULU3Ek5pFXh4WTtMbt5Y,13
fULU3Ek5pFXh4WTtMbt5Y,1
fULU3Ek5pFXh4WTtMbt5Y,2
fULU3Ek5pFXh4WTtMbt5Y,4
fgQd6Fhfkm6MRQfNhNhMn,14
fgQd6Fhfkm6MRQfNhNhMn,2
fgQd6Fhfkm6MRQfNhNhMn,3
fa5iNr4Eocw5eeP7cNY64,8
fa5iNr4Eocw5eeP7cNY64,13
fa5iNr4Eocw5eeP7cNY64,1
fa5iNr4Eocw5eeP7cNY64,2
fa5iNr4Eocw5eeP7cNY64,3
fa5iNr4Eocw5eeP7cNY64,7
fkUCtdLIlS1sP7MsQO3cn,14
fkUCtdLIlS1sP7MsQO3cn,3
fkUCtdLIlS1sP7MsQO3cn,6
fkUCtdLIlS1sP7MsQO3cn,7
f52cnirqj8rd1kyc9EC4x,8
f52cnirqj8rd1kyc9EC4x,9
f52cnirqj8rd1kyc9EC4x,12
