item_sno,target_no
fZ529EWuqunmK7byYWfM5,1
fZ529EWuqunmK7byYWfM5,2
fZ529EWuqunmK7byYWfM5,3
fZ529EWuqunmK7byYWfM5,4
fZ529EWuqunmK7byYWfM5,5
fOVwTJUdFjgNZftn8DkYW,1
fOVwTJUdFjgNZftn8DkYW,2
fOVwTJUdFjgNZftn8DkYW,3
fOVwTJUdFjgNZftn8DkYW,4
fOVwTJUdFjgNZftn8DkYW,5
fqECIJXyJsJIyIvfesaVi,1
fqECIJXyJsJIyIvfesaVi,2
fqECIJXyJsJIyIvfesaVi,3
fqECIJXyJsJIyIvfesaVi,4
fqECIJXyJsJIyIvfesaVi,5
fYEVfdQt9OudsPWWthogm,1
fYEVfdQt9OudsPWWthogm,2
fYEVfdQt9OudsPWWthogm,3
fYEVfdQt9OudsPWWthogm,4
fYEVfdQt9OudsPWWthogm,5
fhnpi4CbHe6zzYStnVbVj,6
fhnpi4CbHe6zzYStnVbVj,1
fhnpi4CbHe6zzYStnVbVj,2
fhnpi4CbHe6zzYStnVbVj,3
fhnpi4CbHe6zzYStnVbVj,4
fhnpi4CbHe6zzYStnVbVj,5
f8uoz8wKeNUv7T8LODusm,1
f8uoz8wKeNUv7T8LODusm,2
f8uoz8wKeNUv7T8LODusm,3
f8uoz8wKeNUv7T8LODusm,5
fU0paMhIQ3oQI9RBmkwhT,1
fU0paMhIQ3oQI9RBmkwhT,2
fU0paMhIQ3oQI9RBmkwhT,3
fU0paMhIQ3oQI9RBmkwhT,4
fU0paMhIQ3oQI9RBmkwhT,5
fpXRFcBC0J09r9ndb7eZL,1
fpXRFcBC0J09r9ndb7eZL,2
fpXRFcBC0J09r9ndb7eZL,3
fpXRFcBC0J09r9ndb7eZL,4
fpXRFcBC0J09r9ndb7eZL,5
fBMnpyjZHdK3lGDLbxQZ8,2
fVpzpnes17kDiZK7XYh0H,6
fVpzpnes17kDiZK7XYh0H,1
fVpzpnes17kDiZK7XYh0H,2
fVpzpnes17kDiZK7XYh0H,3
fVpzpnes17kDiZK7XYh0H,4
fVpzpnes17kDiZK7XYh0H,5
fYywJSTRvAAZ2B9VubY2n,1
fYywJSTRvAAZ2B9VubY2n,2
fYywJSTRvAAZ2B9VubY2n,3
fYywJSTRvAAZ2B9VubY2n,4
fYywJSTRvAAZ2B9VubY2n,5
fe1nOQjd2exvf1bZn6lpQ,1
fe1nOQjd2exvf1bZn6lpQ,2
fe1nOQjd2exvf1bZn6lpQ,3
fe1nOQjd2exvf1bZn6lpQ,4
fe1nOQjd2exvf1bZn6lpQ,5
f9Fu4iSZjRXesf9pxKEEO,1
f9Fu4iSZjRXesf9pxKEEO,2
f9Fu4iSZjRXesf9pxKEEO,3
f9Fu4iSZjRXesf9pxKEEO,4
f9Fu4iSZjRXesf9pxKEEO,5
fOR0GGLKu0bYtGaYmLTfs,1
fOR0GGLKu0bYtGaYmLTfs,2
fOR0GGLKu0bYtGaYmLTfs,3
fOR0GGLKu0bYtGaYmLTfs,4
fOR0GGLKu0bYtGaYmLTfs,5
fXkNS3UFZmjFbkSnZv26H,1
fXkNS3UFZmjFbkSnZv26H,2
fXkNS3UFZmjFbkSnZv26H,3
fXkNS3UFZmjFbkSnZv26H,4
fXkNS3UFZmjFbkSnZv26H,5
f1jJZe6edXaqv3iWq4Jke,2
f1jJZe6edXaqv3iWq4Jke,3
f1jJZe6edXaqv3iWq4Jke,4
f1jJZe6edXaqv3iWq4Jke,5
fyBfqx514rfDWDUDPbLq6,3
fuQXKh3o1Ah35FLSBLyhU,1
fWIGAslo7pFesO6XIixBo,1
fD4OxY4BydV8fHQdEHfaj,2
fVFRRH4sNrllrLXCFVR5S,5
fThExcmFqFARd3DlXqzuV,1
fThExcmFqFARd3DlXqzuV,2
fThExcmFqFARd3DlXqzuV,3
fThExcmFqFARd3DlXqzuV,4
fThExcmFqFARd3DlXqzuV,5
fX0a2dKnkTnYjDZprZaDC,6
fX0a2dKnkTnYjDZprZaDC,1
fX0a2dKnkTnYjDZprZaDC,2
fX0a2dKnkTnYjDZprZaDC,3
fX0a2dKnkTnYjDZprZaDC,4
fX0a2dKnkTnYjDZprZaDC,5
frEhr2b3hYgeb2Gq0Eds5,2
frEhr2b3hYgeb2Gq0Eds5,3
fNOlBJ9cxmNnYE6zQQfXa,1
fNOlBJ9cxmNnYE6zQQfXa,2
fNOlBJ9cxmNnYE6zQQfXa,3
fNOlBJ9cxmNnYE6zQQfXa,4
fNOlBJ9cxmNnYE6zQQfXa,5
f2XnfJvhwm1HpDxng1Z56,6
f2XnfJvhwm1HpDxng1Z56,1
f2XnfJvhwm1HpDxng1Z56,2
f2XnfJvhwm1HpDxng1Z56,3
f2XnfJvhwm1HpDxng1Z56,4
f2XnfJvhwm1HpDxng1Z56,5
fltD5lnTAN40PFSsS5pRq,1
fltD5lnTAN40PFSsS5pRq,2
fltD5lnTAN40PFSsS5pRq,3
fltD5lnTAN40PFSsS5pRq,4
fltD5lnTAN40PFSsS5pRq,5
fZKCfdgjSEqSe5veU01S5,2
fZKCfdgjSEqSe5veU01S5,3
fcxc2D7mwgfIAbtijvYNQ,1
fcxc2D7mwgfIAbtijvYNQ,2
fcxc2D7mwgfIAbtijvYNQ,3
fcxc2D7mwgfIAbtijvYNQ,4
fcxc2D7mwgfIAbtijvYNQ,5
f0r3vK9VdjaZ4vPK0INVX,1
f0r3vK9VdjaZ4vPK0INVX,2
f0r3vK9VdjaZ4vPK0INVX,3
f0r3vK9VdjaZ4vPK0INVX,5
f78pO8CbEoszmlz6QYQ7P,1
f78pO8CbEoszmlz6QYQ7P,2
f78pO8CbEoszmlz6QYQ7P,3
f78pO8CbEoszmlz6QYQ7P,4
f78pO8CbEoszmlz6QYQ7P,5
fTguUPg5y3kmLm6Nw0K3b,6
fTguUPg5y3kmLm6Nw0K3b,4
fTguUPg5y3kmLm6Nw0K3b,5
fc9VpC2t3pURL0ueMP6Px,2
fc9VpC2t3pURL0ueMP6Px,5
fEFaNm7ReE73kdU4TA5VC,6
fEFaNm7ReE73kdU4TA5VC,1
fEFaNm7ReE73kdU4TA5VC,2
fEFaNm7ReE73kdU4TA5VC,3
fEFaNm7ReE73kdU4TA5VC,4
fEFaNm7ReE73kdU4TA5VC,5
fw4vbr4sAlwwV6AYSc0Tw,1
fw4vbr4sAlwwV6AYSc0Tw,2
fw4vbr4sAlwwV6AYSc0Tw,3
fw4vbr4sAlwwV6AYSc0Tw,4
fw4vbr4sAlwwV6AYSc0Tw,5
fDr7HztRdhBVDiKGUZjaH,1
funz9omwvsDZziPdo6RCI,6
f7swEYEUWA52OrmEEkTGc,1
f7swEYEUWA52OrmEEkTGc,2
f7swEYEUWA52OrmEEkTGc,3
f7swEYEUWA52OrmEEkTGc,4
f7swEYEUWA52OrmEEkTGc,5
faYHKFDm1tnxgm1F0ymFq,6
faYHKFDm1tnxgm1F0ymFq,1
faYHKFDm1tnxgm1F0ymFq,2
fsjuITgcIq1wjykIjIP1S,1
fsjuITgcIq1wjykIjIP1S,2
fsjuITgcIq1wjykIjIP1S,3
fsjuITgcIq1wjykIjIP1S,4
fsjuITgcIq1wjykIjIP1S,5
f2HBxAPbRAXRYxZRjUXDg,2
f2HBxAPbRAXRYxZRjUXDg,3
f2HBxAPbRAXRYxZRjUXDg,4
f2HBxAPbRAXRYxZRjUXDg,5
ff8eeWselOkxX2MgqqHHV,1
ff8eeWselOkxX2MgqqHHV,2
ff8eeWselOkxX2MgqqHHV,3
ff8eeWselOkxX2MgqqHHV,4
ff8eeWselOkxX2MgqqHHV,5
fbDTlWX23OZJAGkJKl3Sa,2
fbDTlWX23OZJAGkJKl3Sa,3
fbDTlWX23OZJAGkJKl3Sa,5
fR5V7WcAq23BeGuPXJxQr,6
fR5V7WcAq23BeGuPXJxQr,1
fR5V7WcAq23BeGuPXJxQr,2
fR5V7WcAq23BeGuPXJxQr,3
fR5V7WcAq23BeGuPXJxQr,4
fR5V7WcAq23BeGuPXJxQr,5
fMX70E2pArtSE6XkUYIHV,2
fIyZJGefeQJFMg8rntmUV,3
fIyZJGefeQJFMg8rntmUV,5
fDkOuEFlsHs1V1ehx5Nsx,6
fDkOuEFlsHs1V1ehx5Nsx,5
fQgLwOSmzy3wjid4pbrD2,2
fQgLwOSmzy3wjid4pbrD2,5
fKCvkkEwyQBGkPO08nK1d,6
fKCvkkEwyQBGkPO08nK1d,1
fKCvkkEwyQBGkPO08nK1d,2
fKCvkkEwyQBGkPO08nK1d,3
fKCvkkEwyQBGkPO08nK1d,4
f907quL6QM9KgBprukeCi,6
f907quL6QM9KgBprukeCi,1
f907quL6QM9KgBprukeCi,2
f907quL6QM9KgBprukeCi,3
f907quL6QM9KgBprukeCi,4
f907quL6QM9KgBprukeCi,5
fBMDk4ccsxWrvuU9sBH1G,2
fBMDk4ccsxWrvuU9sBH1G,5
famt7yPjM0HbhF1nMSNG1,1
famt7yPjM0HbhF1nMSNG1,2
famt7yPjM0HbhF1nMSNG1,3
fCOg14DY12jWHZ9bSvUrb,1
fCOg14DY12jWHZ9bSvUrb,2
fCOg14DY12jWHZ9bSvUrb,3
fCOg14DY12jWHZ9bSvUrb,4
fCOg14DY12jWHZ9bSvUrb,5
fo1Ept6x2l1OaVlvDF2WC,1
fo1Ept6x2l1OaVlvDF2WC,2
flAuAmGaWZJUA1Na2JyGI,1
flAuAmGaWZJUA1Na2JyGI,2
flAuAmGaWZJUA1Na2JyGI,3
flAuAmGaWZJUA1Na2JyGI,4
flAuAmGaWZJUA1Na2JyGI,5
fOa78NAnrtlZKRvVf2lYJ,6
fOa78NAnrtlZKRvVf2lYJ,1
fOa78NAnrtlZKRvVf2lYJ,2
fOa78NAnrtlZKRvVf2lYJ,3
fOa78NAnrtlZKRvVf2lYJ,4
fOa78NAnrtlZKRvVf2lYJ,5
fR5XllJk9ymzVmmc0sa3G,1
fR5XllJk9ymzVmmc0sa3G,2
fR5XllJk9ymzVmmc0sa3G,3
fR5XllJk9ymzVmmc0sa3G,4
fR5XllJk9ymzVmmc0sa3G,5
fiUIkvahAIPuTGQkXpFrS,1
fiUIkvahAIPuTGQkXpFrS,2
fiUIkvahAIPuTGQkXpFrS,3
fCSEQ7wsSxftUGs0JEygF,1
fCSEQ7wsSxftUGs0JEygF,2
fCSEQ7wsSxftUGs0JEygF,3
fCSEQ7wsSxftUGs0JEygF,4
fEI8XbHYJ3fql8QtiOEdM,2
fEI8XbHYJ3fql8QtiOEdM,3
fEI8XbHYJ3fql8QtiOEdM,5
fXAXNtNXGHdos90WVqSLe,1
fXAXNtNXGHdos90WVqSLe,2
fXAXNtNXGHdos90WVqSLe,3
fXAXNtNXGHdos90WVqSLe,4
fXAXNtNXGHdos90WVqSLe,5
fbbbuJOP4ev6fvIhMsCam,1
fbbbuJOP4ev6fvIhMsCam,2
fbbbuJOP4ev6fvIhMsCam,3
fbbbuJOP4ev6fvIhMsCam,4
fbbbuJOP4ev6fvIhMsCam,5
f6IUh6sLgAJAcjOP2T1Dc,1
f39pQaqcQsXgD31V8fVnn,2
f39pQaqcQsXgD31V8fVnn,3
f39pQaqcQsXgD31V8fVnn,5
f55RprQv5Xmewe2ypYrP1,2
f55RprQv5Xmewe2ypYrP1,4
f55RprQv5Xmewe2ypYrP1,5
fiemGNP6pJ9wFMsm9SJcX,2
fiemGNP6pJ9wFMsm9SJcX,5
fNwDYFDV2hjIU62d2csxQ,2
fNwDYFDV2hjIU62d2csxQ,3
fNwDYFDV2hjIU62d2csxQ,5
ffLWoPYLL8PjK9GVLaD4u,6
ffLWoPYLL8PjK9GVLaD4u,1
ffLWoPYLL8PjK9GVLaD4u,2
ffLWoPYLL8PjK9GVLaD4u,3
ffLWoPYLL8PjK9GVLaD4u,4
ffLWoPYLL8PjK9GVLaD4u,5
fVOnZlFX96qae41DyswNC,1
fVOnZlFX96qae41DyswNC,2
fVOnZlFX96qae41DyswNC,3
fVOnZlFX96qae41DyswNC,4
fVOnZlFX96qae41DyswNC,5
f46HDOnYs9PLy56Yqf0n0,2
fLQwGh6peCh7048fBE5f8,1
fqW4MVRnmKreX5doVDsLN,1
fqW4MVRnmKreX5doVDsLN,3
fqW4MVRnmKreX5doVDsLN,5
fhyQgRGfe5b8ltpTSW8Cq,1
fhyQgRGfe5b8ltpTSW8Cq,2
fhyQgRGfe5b8ltpTSW8Cq,3
fhyQgRGfe5b8ltpTSW8Cq,5
fA0aKkGZn9knzGw76J5NW,6
fA0aKkGZn9knzGw76J5NW,1
fA0aKkGZn9knzGw76J5NW,2
fA0aKkGZn9knzGw76J5NW,3
fA0aKkGZn9knzGw76J5NW,4
fA0aKkGZn9knzGw76J5NW,5
fKZY0ZgaJ2UbTWAsQgKds,1
fKZY0ZgaJ2UbTWAsQgKds,2
fKZY0ZgaJ2UbTWAsQgKds,3
fKZY0ZgaJ2UbTWAsQgKds,5
fHz7fA2vQDcU5VBI3Obuj,1
fHz7fA2vQDcU5VBI3Obuj,2
fHz7fA2vQDcU5VBI3Obuj,3
fzwWbsHrZxEyEiiWAAnTH,1
fzwWbsHrZxEyEiiWAAnTH,4
fzwWbsHrZxEyEiiWAAnTH,5
fllPwC0bzxII5tvLqmI1c,1
fllPwC0bzxII5tvLqmI1c,2
fllPwC0bzxII5tvLqmI1c,3
fllPwC0bzxII5tvLqmI1c,4
fllPwC0bzxII5tvLqmI1c,5
fFBLRCJMEubelAH7ijLcF,1
fFBLRCJMEubelAH7ijLcF,2
fFBLRCJMEubelAH7ijLcF,3
fKI5qv8OSbxqmTlWocTEW,6
fKI5qv8OSbxqmTlWocTEW,1
fKI5qv8OSbxqmTlWocTEW,2
fKI5qv8OSbxqmTlWocTEW,3
fKI5qv8OSbxqmTlWocTEW,5
fQ1pDluYi6qhlwgTxg4ZE,1
fQ1pDluYi6qhlwgTxg4ZE,2
fQ1pDluYi6qhlwgTxg4ZE,3
fQ1pDluYi6qhlwgTxg4ZE,4
fl4lhZeG08PVHPjTMO5FB,2
fl4lhZeG08PVHPjTMO5FB,3
fl4lhZeG08PVHPjTMO5FB,4
fl4lhZeG08PVHPjTMO5FB,5
fcZe0nFzLIfJ6dqIWiCLc,1
fcZe0nFzLIfJ6dqIWiCLc,2
fcZe0nFzLIfJ6dqIWiCLc,3
fcZe0nFzLIfJ6dqIWiCLc,4
fcZe0nFzLIfJ6dqIWiCLc,5
fx9Px1c0Py05wsvYBZgjR,2
fx9Px1c0Py05wsvYBZgjR,5
f6YvQ7GwQcBSlxqH7mBk7,2
fEhkYAe36Mf5n24eFOqqw,1
fEhkYAe36Mf5n24eFOqqw,2
fEhkYAe36Mf5n24eFOqqw,3
fEhkYAe36Mf5n24eFOqqw,4
fEhkYAe36Mf5n24eFOqqw,5
fR1pQCOFIu3olJl2oHGT9,1
fR1pQCOFIu3olJl2oHGT9,2
fR1pQCOFIu3olJl2oHGT9,3
fR1pQCOFIu3olJl2oHGT9,5
fqTl66I8sNNQgmIYRetgx,1
fqTl66I8sNNQgmIYRetgx,2
fqTl66I8sNNQgmIYRetgx,3
fqTl66I8sNNQgmIYRetgx,4
fqTl66I8sNNQgmIYRetgx,5
fpXuiXFyswQ1wIW0a0EaV,1
fpXuiXFyswQ1wIW0a0EaV,2
fpXuiXFyswQ1wIW0a0EaV,4
fpXuiXFyswQ1wIW0a0EaV,5
fREj9OQel7ZKwTJfrxZbT,6
fREj9OQel7ZKwTJfrxZbT,1
fREj9OQel7ZKwTJfrxZbT,2
fREj9OQel7ZKwTJfrxZbT,3
fREj9OQel7ZKwTJfrxZbT,4
fREj9OQel7ZKwTJfrxZbT,5
fDlg8adYnRq9KVits6yJ0,1
fDlg8adYnRq9KVits6yJ0,2
fDlg8adYnRq9KVits6yJ0,3
fDlg8adYnRq9KVits6yJ0,4
fDlg8adYnRq9KVits6yJ0,5
fBpv3P2uVBnZwFvnT3Atn,1
fBpv3P2uVBnZwFvnT3Atn,2
fBpv3P2uVBnZwFvnT3Atn,3
fBpv3P2uVBnZwFvnT3Atn,4
fBpv3P2uVBnZwFvnT3Atn,5
fDEB7xmM6GF0jtogHdmxz,2
fDEB7xmM6GF0jtogHdmxz,3
fDEB7xmM6GF0jtogHdmxz,4
fDEB7xmM6GF0jtogHdmxz,5
fhk2w9aMd1jCEw9ytObdz,1
fhk2w9aMd1jCEw9ytObdz,2
fhk2w9aMd1jCEw9ytObdz,3
fhk2w9aMd1jCEw9ytObdz,4
fhk2w9aMd1jCEw9ytObdz,5
fValrc6P3RVxsXnoxEHvj,2
fn7LXAIODfJ0cTNoL5u9F,2
fn7LXAIODfJ0cTNoL5u9F,3
fn7LXAIODfJ0cTNoL5u9F,5
fvwv2ljuzxU3igZcO4yjJ,1
fvwv2ljuzxU3igZcO4yjJ,2
fvwv2ljuzxU3igZcO4yjJ,3
fvwv2ljuzxU3igZcO4yjJ,5
fY9XoNSa71UehjbvIOJ8w,5
fWqz0Pe2I5QlC3QA31lT2,1
fWqz0Pe2I5QlC3QA31lT2,2
fWqz0Pe2I5QlC3QA31lT2,3
fWqz0Pe2I5QlC3QA31lT2,4
fWqz0Pe2I5QlC3QA31lT2,5
fpxqvzAixlGf0ylqP76Xs,1
fpxqvzAixlGf0ylqP76Xs,2
fpxqvzAixlGf0ylqP76Xs,3
fZzVJZc6czjRYa8Z88Am5,1
fZzVJZc6czjRYa8Z88Am5,2
fZzVJZc6czjRYa8Z88Am5,3
fZzVJZc6czjRYa8Z88Am5,4
fZzVJZc6czjRYa8Z88Am5,5
fBqDKIZD1jbdolLuCXQLw,1
fBqDKIZD1jbdolLuCXQLw,2
fBqDKIZD1jbdolLuCXQLw,3
fqs1K0DLnFegJUZRxpDdE,6
fqs1K0DLnFegJUZRxpDdE,1
fqs1K0DLnFegJUZRxpDdE,2
fqs1K0DLnFegJUZRxpDdE,3
fqs1K0DLnFegJUZRxpDdE,4
fqs1K0DLnFegJUZRxpDdE,5
fRRdLiG4bv0VLWblGavns,2
fRRdLiG4bv0VLWblGavns,5
f0i4tJenuSL6PgjIhxSae,1
f0i4tJenuSL6PgjIhxSae,2
f0i4tJenuSL6PgjIhxSae,3
f0i4tJenuSL6PgjIhxSae,5
fCrd6vHxX18MVte5ESy1y,1
fCrd6vHxX18MVte5ESy1y,2
fCrd6vHxX18MVte5ESy1y,3
fSYb86QyIdykGct0HdO6m,1
fSYb86QyIdykGct0HdO6m,2
fSYb86QyIdykGct0HdO6m,3
fSYb86QyIdykGct0HdO6m,4
fSYb86QyIdykGct0HdO6m,5
f6D83j4d7LuMywYSkUgz4,1
f6D83j4d7LuMywYSkUgz4,2
f6D83j4d7LuMywYSkUgz4,3
fpNZv1hmyFowgXg4X2n0A,1
fpNZv1hmyFowgXg4X2n0A,2
fpNZv1hmyFowgXg4X2n0A,3
fpNZv1hmyFowgXg4X2n0A,4
fpNZv1hmyFowgXg4X2n0A,5
fkVNQcDADOmmgI53i9lLw,1
fkVNQcDADOmmgI53i9lLw,2
fkVNQcDADOmmgI53i9lLw,3
fkVNQcDADOmmgI53i9lLw,4
fkVNQcDADOmmgI53i9lLw,5
fUSx7aNtwxvJLz80Akldo,1
fUSx7aNtwxvJLz80Akldo,2
fUSx7aNtwxvJLz80Akldo,3
fUSx7aNtwxvJLz80Akldo,4
fUSx7aNtwxvJLz80Akldo,5
fDGI12EFq5rEDm5XNmB3r,1
fDGI12EFq5rEDm5XNmB3r,2
fDGI12EFq5rEDm5XNmB3r,3
fDGI12EFq5rEDm5XNmB3r,4
fDGI12EFq5rEDm5XNmB3r,5
f8k2pS09ZleDSEite16WE,2
f8k2pS09ZleDSEite16WE,3
f8k2pS09ZleDSEite16WE,4
f8k2pS09ZleDSEite16WE,5
fRv3CNRDZOFDPINgYnNhV,1
fRv3CNRDZOFDPINgYnNhV,2
fRv3CNRDZOFDPINgYnNhV,3
fRv3CNRDZOFDPINgYnNhV,5
fJZb3MvURURKxy4Qh7aKJ,1
fJZb3MvURURKxy4Qh7aKJ,2
fJZb3MvURURKxy4Qh7aKJ,3
fJZb3MvURURKxy4Qh7aKJ,4
fJZb3MvURURKxy4Qh7aKJ,5
fhTFJ6hhP3o15hPo5IsBD,1
fhTFJ6hhP3o15hPo5IsBD,2
fhTFJ6hhP3o15hPo5IsBD,3
fhTFJ6hhP3o15hPo5IsBD,4
fhTFJ6hhP3o15hPo5IsBD,5
fgBoM3ZiKG8PyHQLSuvle,1
fgBoM3ZiKG8PyHQLSuvle,2
fgBoM3ZiKG8PyHQLSuvle,3
fgBoM3ZiKG8PyHQLSuvle,5
fLeTrvsqBqUG9CpeX39CF,1
fLeTrvsqBqUG9CpeX39CF,2
fLeTrvsqBqUG9CpeX39CF,3
fLeTrvsqBqUG9CpeX39CF,5
fVEwE1ddeu1XQ33EA8szm,1
fVEwE1ddeu1XQ33EA8szm,2
fVEwE1ddeu1XQ33EA8szm,3
fVEwE1ddeu1XQ33EA8szm,4
fVEwE1ddeu1XQ33EA8szm,5
fC4R4CAtbvvbZf7o9WA6N,2
fC4R4CAtbvvbZf7o9WA6N,3
fC4R4CAtbvvbZf7o9WA6N,5
f9HgoQa1ugPDQQpFi17KQ,1
f9HgoQa1ugPDQQpFi17KQ,2
f9HgoQa1ugPDQQpFi17KQ,3
fOoTe8zSsgcFynBbFWOaf,2
fOoTe8zSsgcFynBbFWOaf,3
fOoTe8zSsgcFynBbFWOaf,5
fnndw3I6B3NXyZPC2SQq9,6
fnndw3I6B3NXyZPC2SQq9,1
fnndw3I6B3NXyZPC2SQq9,2
fnndw3I6B3NXyZPC2SQq9,3
fnndw3I6B3NXyZPC2SQq9,4
fnndw3I6B3NXyZPC2SQq9,5
fjPRZwZDEuTluGf1ESLTe,1
fjPRZwZDEuTluGf1ESLTe,2
fjPRZwZDEuTluGf1ESLTe,3
fjPRZwZDEuTluGf1ESLTe,4
fjPRZwZDEuTluGf1ESLTe,5
f6vfKRSGjjMRYmRfB6EWX,1
f6vfKRSGjjMRYmRfB6EWX,2
f6vfKRSGjjMRYmRfB6EWX,3
fMnpAOOSa2LfBvYzm2tSz,6
fMnpAOOSa2LfBvYzm2tSz,1
fMnpAOOSa2LfBvYzm2tSz,2
fMnpAOOSa2LfBvYzm2tSz,3
fMnpAOOSa2LfBvYzm2tSz,5
fG6WPVgrEnPtRmKtr3hOC,6
fG6WPVgrEnPtRmKtr3hOC,4
fG6WPVgrEnPtRmKtr3hOC,5
fLWBz7pQjNWuhYlS4b1q7,2
fedBHFZZDa6ONwvfnny7b,1
fedBHFZZDa6ONwvfnny7b,2
fedBHFZZDa6ONwvfnny7b,3
fedBHFZZDa6ONwvfnny7b,4
fedBHFZZDa6ONwvfnny7b,5
fTlsNN32xwEM5l9XbrYKc,1
fTlsNN32xwEM5l9XbrYKc,2
fTlsNN32xwEM5l9XbrYKc,3
fTlsNN32xwEM5l9XbrYKc,4
fTlsNN32xwEM5l9XbrYKc,5
fyWRWEV0xXNuwQvPl8BNI,1
fyWRWEV0xXNuwQvPl8BNI,2
fyWRWEV0xXNuwQvPl8BNI,3
fyWRWEV0xXNuwQvPl8BNI,4
fyWRWEV0xXNuwQvPl8BNI,5
fX8nal71nWrVylX7EFTHd,1
fX8nal71nWrVylX7EFTHd,2
fX8nal71nWrVylX7EFTHd,3
fX8nal71nWrVylX7EFTHd,4
fX8nal71nWrVylX7EFTHd,5
f5dN43yKqmtRwwey7YmVy,2
f5dN43yKqmtRwwey7YmVy,3
f5dN43yKqmtRwwey7YmVy,5
fvP45bkNBTScXVaZwArDA,1
fvP45bkNBTScXVaZwArDA,2
fvP45bkNBTScXVaZwArDA,3
fvP45bkNBTScXVaZwArDA,4
f6CCx5hJJmWDpqNqQgGZR,2
f6CCx5hJJmWDpqNqQgGZR,3
f6CCx5hJJmWDpqNqQgGZR,5
fUUYKjpIekDNOSbDnTBty,1
fUUYKjpIekDNOSbDnTBty,2
fUUYKjpIekDNOSbDnTBty,3
fVVmuVVLuZ2TWgE9595wS,2
fVVmuVVLuZ2TWgE9595wS,3
fVVmuVVLuZ2TWgE9595wS,5
f2d6qQ0VXjmsQU930FSij,1
f2d6qQ0VXjmsQU930FSij,2
f2d6qQ0VXjmsQU930FSij,3
f2d6qQ0VXjmsQU930FSij,4
f2d6qQ0VXjmsQU930FSij,5
fYc1m1VlpvAg3y4pWgQGG,2
fYc1m1VlpvAg3y4pWgQGG,3
fYc1m1VlpvAg3y4pWgQGG,5
fpaRPvOq4304S8QR7WQaH,1
fpaRPvOq4304S8QR7WQaH,2
fpaRPvOq4304S8QR7WQaH,3
fpaRPvOq4304S8QR7WQaH,5
fzVmkP4DJ8jAY1lS9JxnC,1
fzVmkP4DJ8jAY1lS9JxnC,2
fzVmkP4DJ8jAY1lS9JxnC,3
fzVmkP4DJ8jAY1lS9JxnC,4
f2msdQjBcfaQcEHeJv9JX,1
f2msdQjBcfaQcEHeJv9JX,2
f2msdQjBcfaQcEHeJv9JX,3
fbbEEk4o4hVMBAgzsQERY,1
fbbEEk4o4hVMBAgzsQERY,2
fbbEEk4o4hVMBAgzsQERY,3
fbbEEk4o4hVMBAgzsQERY,4
fbbEEk4o4hVMBAgzsQERY,5
fBqThTvUKZvPSisnmahb0,1
fBqThTvUKZvPSisnmahb0,2
fBqThTvUKZvPSisnmahb0,3
fBqThTvUKZvPSisnmahb0,4
fBqThTvUKZvPSisnmahb0,5
fzGs0kY8RNS7qYpzAi696,1
fzGs0kY8RNS7qYpzAi696,2
fzGs0kY8RNS7qYpzAi696,3
fzGs0kY8RNS7qYpzAi696,4
fzGs0kY8RNS7qYpzAi696,5
fzcCogoEOtP7Ek16Rr83x,1
fzcCogoEOtP7Ek16Rr83x,2
fzcCogoEOtP7Ek16Rr83x,3
fzcCogoEOtP7Ek16Rr83x,5
fKFGPW7B49nLuRDwnJzBx,1
fKFGPW7B49nLuRDwnJzBx,2
fKFGPW7B49nLuRDwnJzBx,3
fKFGPW7B49nLuRDwnJzBx,4
fKFGPW7B49nLuRDwnJzBx,5
fbbMFZSAGKFV2k44KdX7l,1
fbbMFZSAGKFV2k44KdX7l,2
fbbMFZSAGKFV2k44KdX7l,3
fbbMFZSAGKFV2k44KdX7l,5
fdWBYAiFG2LGbMDPbMVUI,1
fdWBYAiFG2LGbMDPbMVUI,2
fdWBYAiFG2LGbMDPbMVUI,3
fdWBYAiFG2LGbMDPbMVUI,4
fdWBYAiFG2LGbMDPbMVUI,5
f4J0fjed2Z9EfgXJwpgwq,1
f4J0fjed2Z9EfgXJwpgwq,2
f4J0fjed2Z9EfgXJwpgwq,3
f4J0fjed2Z9EfgXJwpgwq,5
f41pRypsoTi0YxVdcZDkM,1
f41pRypsoTi0YxVdcZDkM,2
f41pRypsoTi0YxVdcZDkM,3
f41pRypsoTi0YxVdcZDkM,4
fHeVxfUx2bCj6ZtuBRLyY,2
fSDaP0U3mHGCA2V8QCQQb,6
fSDaP0U3mHGCA2V8QCQQb,1
fSDaP0U3mHGCA2V8QCQQb,2
fSDaP0U3mHGCA2V8QCQQb,3
fSDaP0U3mHGCA2V8QCQQb,4
fSDaP0U3mHGCA2V8QCQQb,5
fuu6EHh6CrcbpL1J8TDiF,1
fuu6EHh6CrcbpL1J8TDiF,2
fuu6EHh6CrcbpL1J8TDiF,3
fuu6EHh6CrcbpL1J8TDiF,4
fuu6EHh6CrcbpL1J8TDiF,5
f2y2XmBlBNrNmjwCxm8YZ,1
f2y2XmBlBNrNmjwCxm8YZ,2
f2y2XmBlBNrNmjwCxm8YZ,3
f2y2XmBlBNrNmjwCxm8YZ,4
f2y2XmBlBNrNmjwCxm8YZ,5
fG3Ocu3k8DTfcUSyLY6ut,1
fG3Ocu3k8DTfcUSyLY6ut,2
fG3Ocu3k8DTfcUSyLY6ut,3
fG3Ocu3k8DTfcUSyLY6ut,5
fQpVmdaRz8CIGnPx8nwBJ,6
fitLrorXhz8OPJYh1eqg6,6
fMcu16nB5b5liVRPRg9da,2
fMcu16nB5b5liVRPRg9da,5
fwNMzkCuw30qELrppGJBY,6
fwNMzkCuw30qELrppGJBY,1
fwNMzkCuw30qELrppGJBY,2
fwNMzkCuw30qELrppGJBY,3
fwNMzkCuw30qELrppGJBY,4
fwNMzkCuw30qELrppGJBY,5
fXlDEX0EoLTUa9f0GBR71,2
fZGC6rX55BAjWgT217USW,1
fZGC6rX55BAjWgT217USW,2
fZGC6rX55BAjWgT217USW,3
fZGC6rX55BAjWgT217USW,4
fZGC6rX55BAjWgT217USW,5
fIIaYuMQTwkajaXs5Kp8D,6
fYzmCLo9xiaoWWK35Yir4,1
fYzmCLo9xiaoWWK35Yir4,2
fYzmCLo9xiaoWWK35Yir4,3
fYzmCLo9xiaoWWK35Yir4,4
fYzmCLo9xiaoWWK35Yir4,5
fKjJ02C6hWWlBi9LyruFF,6
fKjJ02C6hWWlBi9LyruFF,1
fKjJ02C6hWWlBi9LyruFF,2
fKjJ02C6hWWlBi9LyruFF,3
fKjJ02C6hWWlBi9LyruFF,4
f1ghD0upGfa87PJ4ZxHxN,2
f9DZAYBBnUTAGGmQF3yjv,1
f9DZAYBBnUTAGGmQF3yjv,2
f9DZAYBBnUTAGGmQF3yjv,3
f9DZAYBBnUTAGGmQF3yjv,4
f9DZAYBBnUTAGGmQF3yjv,5
fS3gGdCbcrw1pNx91wXL7,1
fS3gGdCbcrw1pNx91wXL7,2
fS3gGdCbcrw1pNx91wXL7,3
fS3gGdCbcrw1pNx91wXL7,4
fS3gGdCbcrw1pNx91wXL7,5
feowyKJkrwieEhQLimVfL,1
feowyKJkrwieEhQLimVfL,2
feowyKJkrwieEhQLimVfL,3
feowyKJkrwieEhQLimVfL,4
feowyKJkrwieEhQLimVfL,5
fFD5nO7mHnY4eWt3Hpl1n,1
fFD5nO7mHnY4eWt3Hpl1n,2
fFD5nO7mHnY4eWt3Hpl1n,3
fFD5nO7mHnY4eWt3Hpl1n,5
fF44brFlINUaTJ6YDZXQj,6
fF44brFlINUaTJ6YDZXQj,1
fF44brFlINUaTJ6YDZXQj,2
fF44brFlINUaTJ6YDZXQj,3
fF44brFlINUaTJ6YDZXQj,4
fF44brFlINUaTJ6YDZXQj,5
f6Z3kMI5cZMcWrQ0Yi7JK,1
f6Z3kMI5cZMcWrQ0Yi7JK,2
f6Z3kMI5cZMcWrQ0Yi7JK,3
f6Z3kMI5cZMcWrQ0Yi7JK,5
fU7WevCghJdkkDPnU4UCF,1
fU7WevCghJdkkDPnU4UCF,2
fU7WevCghJdkkDPnU4UCF,3
fU7WevCghJdkkDPnU4UCF,4
fU7WevCghJdkkDPnU4UCF,5
fnCzxKDV1RD5Oy9bdGEW3,2
fj3E2iWK3eIjuvBQ1WnW3,1
fj3E2iWK3eIjuvBQ1WnW3,2
fj3E2iWK3eIjuvBQ1WnW3,3
fj3E2iWK3eIjuvBQ1WnW3,4
fj3E2iWK3eIjuvBQ1WnW3,5
fcDoSYXM35mw7UXC85gDb,1
fcDoSYXM35mw7UXC85gDb,2
fcDoSYXM35mw7UXC85gDb,3
fcDoSYXM35mw7UXC85gDb,5
fSSS1FeGwzie6I4MpritF,1
fSSS1FeGwzie6I4MpritF,2
fSSS1FeGwzie6I4MpritF,3
fOv0Ovj7P3Xaqgn7kuj7R,1
fOv0Ovj7P3Xaqgn7kuj7R,2
fOv0Ovj7P3Xaqgn7kuj7R,3
fOv0Ovj7P3Xaqgn7kuj7R,4
fOv0Ovj7P3Xaqgn7kuj7R,5
fEmuVr6RvCcFSwxi0ST9g,2
fEmuVr6RvCcFSwxi0ST9g,5
fQ7Ta0FW2i636fXdeb78y,1
fQ7Ta0FW2i636fXdeb78y,2
fQ7Ta0FW2i636fXdeb78y,3
fQ7Ta0FW2i636fXdeb78y,4
fQ7Ta0FW2i636fXdeb78y,5
f11czGYWFVY1g6EePAoM3,1
f11czGYWFVY1g6EePAoM3,2
f11czGYWFVY1g6EePAoM3,3
f11czGYWFVY1g6EePAoM3,5
fuWSg3MhFRws8a5Qgx0EA,1
fuWSg3MhFRws8a5Qgx0EA,2
fuWSg3MhFRws8a5Qgx0EA,3
fuWSg3MhFRws8a5Qgx0EA,4
fuWSg3MhFRws8a5Qgx0EA,5
fMqcvggtOfw6RqscWUyAJ,6
fMqcvggtOfw6RqscWUyAJ,1
fMqcvggtOfw6RqscWUyAJ,2
fMqcvggtOfw6RqscWUyAJ,3
fMqcvggtOfw6RqscWUyAJ,4
fMqcvggtOfw6RqscWUyAJ,5
f7XAK3LYIMzmOpdC2tx5D,1
f7XAK3LYIMzmOpdC2tx5D,2
f7XAK3LYIMzmOpdC2tx5D,3
f7XAK3LYIMzmOpdC2tx5D,4
f7XAK3LYIMzmOpdC2tx5D,5
fWjpEByKKE7AsHc3TPTJu,3
fot47RKi5NcMibyOFdEJ6,1
fot47RKi5NcMibyOFdEJ6,2
fot47RKi5NcMibyOFdEJ6,3
fot47RKi5NcMibyOFdEJ6,4
fot47RKi5NcMibyOFdEJ6,5
fPZlECdXlEQnLrKCpvme4,2
fPZlECdXlEQnLrKCpvme4,3
fPZlECdXlEQnLrKCpvme4,4
fPZlECdXlEQnLrKCpvme4,5
fOF8CycIIso1LfmVwN479,2
fOF8CycIIso1LfmVwN479,4
fOF8CycIIso1LfmVwN479,5
fSNp5oztbjpYDmzIyUhKv,1
fSNp5oztbjpYDmzIyUhKv,2
fSNp5oztbjpYDmzIyUhKv,3
fSNp5oztbjpYDmzIyUhKv,4
fynGeO2aynxFAEoDTVwzu,6
fynGeO2aynxFAEoDTVwzu,1
fynGeO2aynxFAEoDTVwzu,2
fynGeO2aynxFAEoDTVwzu,3
fynGeO2aynxFAEoDTVwzu,4
fynGeO2aynxFAEoDTVwzu,5
fChjv8IeoJZ6d5oVQaxKW,1
fChjv8IeoJZ6d5oVQaxKW,2
fChjv8IeoJZ6d5oVQaxKW,3
fChjv8IeoJZ6d5oVQaxKW,5
fLatnafdpVaSJQ9s6Bvf0,2
fcIamF4JXrVtT4HIgnD63,1
fcIamF4JXrVtT4HIgnD63,2
fcIamF4JXrVtT4HIgnD63,3
fcIamF4JXrVtT4HIgnD63,4
fNG0ab5Uq9Lzp0cwIaIdt,1
fNG0ab5Uq9Lzp0cwIaIdt,2
fNG0ab5Uq9Lzp0cwIaIdt,3
fNG0ab5Uq9Lzp0cwIaIdt,4
f81AESr2ZYhfOCbP9SHaj,1
f81AESr2ZYhfOCbP9SHaj,2
f81AESr2ZYhfOCbP9SHaj,3
f81AESr2ZYhfOCbP9SHaj,4
f81AESr2ZYhfOCbP9SHaj,5
f60KS51xdhyr66vK8perh,6
f60KS51xdhyr66vK8perh,1
f60KS51xdhyr66vK8perh,2
f60KS51xdhyr66vK8perh,3
f60KS51xdhyr66vK8perh,4
f60KS51xdhyr66vK8perh,5
fT5Msh7gpWax9xYcgkw6f,2
fT5Msh7gpWax9xYcgkw6f,3
fT5Msh7gpWax9xYcgkw6f,4
fT5Msh7gpWax9xYcgkw6f,5
fKdzQXegQF5xkUfOwbBoM,1
fKdzQXegQF5xkUfOwbBoM,2
fKdzQXegQF5xkUfOwbBoM,3
fKdzQXegQF5xkUfOwbBoM,4
fKdzQXegQF5xkUfOwbBoM,5
fNvpb37z0yXRbJEOoPpyF,1
fNvpb37z0yXRbJEOoPpyF,2
fNvpb37z0yXRbJEOoPpyF,3
fNvpb37z0yXRbJEOoPpyF,4
fNvpb37z0yXRbJEOoPpyF,5
fSVPfGDQUAfXGoY3VPzhb,1
fSVPfGDQUAfXGoY3VPzhb,2
fSVPfGDQUAfXGoY3VPzhb,3
fSVPfGDQUAfXGoY3VPzhb,4
fSVPfGDQUAfXGoY3VPzhb,5
fkQAvPDAZccOATSBrrIjo,2
f84CeLtW4Ydgg6q0eSkus,2
fMWpJkXKu3U7M3cDM6xwV,1
fMWpJkXKu3U7M3cDM6xwV,2
fMWpJkXKu3U7M3cDM6xwV,3
fMWpJkXKu3U7M3cDM6xwV,4
fMWpJkXKu3U7M3cDM6xwV,5
f58Hn3iuoZT4m23BIw0oM,1
f58Hn3iuoZT4m23BIw0oM,2
f58Hn3iuoZT4m23BIw0oM,3
f58Hn3iuoZT4m23BIw0oM,4
f58Hn3iuoZT4m23BIw0oM,5
fsvJ62v5uzzZxKRS5vNx2,2
fsvJ62v5uzzZxKRS5vNx2,3
f7kGXDSAwahLxbPmnflKa,1
f7kGXDSAwahLxbPmnflKa,2
f7kGXDSAwahLxbPmnflKa,3
f7kGXDSAwahLxbPmnflKa,4
f7kGXDSAwahLxbPmnflKa,5
fX5kv8acVWXjKw3hj7JrZ,2
fX5kv8acVWXjKw3hj7JrZ,3
fX5kv8acVWXjKw3hj7JrZ,4
fX5kv8acVWXjKw3hj7JrZ,5
fRBNEbpY1xctaVq4q3CAA,1
fRBNEbpY1xctaVq4q3CAA,2
fRBNEbpY1xctaVq4q3CAA,3
fRBNEbpY1xctaVq4q3CAA,4
fRBNEbpY1xctaVq4q3CAA,5
fOwnW6uNoyb6K2VL80xbb,2
fy96TAtBlPlnfDOb3ESHC,1
fy96TAtBlPlnfDOb3ESHC,2
fy96TAtBlPlnfDOb3ESHC,3
fy96TAtBlPlnfDOb3ESHC,4
fy96TAtBlPlnfDOb3ESHC,5
fW88Vn5oWtbDNZPheOJKN,2
foIIqQtxl87DIB1EEmGW1,6
foIIqQtxl87DIB1EEmGW1,1
foIIqQtxl87DIB1EEmGW1,2
foIIqQtxl87DIB1EEmGW1,3
foIIqQtxl87DIB1EEmGW1,4
foIIqQtxl87DIB1EEmGW1,5
fOoaz0FhOsdfukVwjBYXn,6
fOoaz0FhOsdfukVwjBYXn,1
fOoaz0FhOsdfukVwjBYXn,2
fOoaz0FhOsdfukVwjBYXn,3
fOoaz0FhOsdfukVwjBYXn,4
fOoaz0FhOsdfukVwjBYXn,5
fg57jueWYfrC4NEY2zVDl,1
fg57jueWYfrC4NEY2zVDl,2
fg57jueWYfrC4NEY2zVDl,3
fg57jueWYfrC4NEY2zVDl,4
fg57jueWYfrC4NEY2zVDl,5
fxUed3vx2jXn2bDjQBARb,1
fxUed3vx2jXn2bDjQBARb,2
fxUed3vx2jXn2bDjQBARb,3
fxUed3vx2jXn2bDjQBARb,4
fxUed3vx2jXn2bDjQBARb,5
f5fgtEkj6E3KNkGVHNtub,1
f5fgtEkj6E3KNkGVHNtub,2
f5fgtEkj6E3KNkGVHNtub,3
f5fgtEkj6E3KNkGVHNtub,4
f5fgtEkj6E3KNkGVHNtub,5
fiGTxfG8ozre9OUenHaJE,6
fiGTxfG8ozre9OUenHaJE,1
fiGTxfG8ozre9OUenHaJE,2
fiGTxfG8ozre9OUenHaJE,3
fVem0hBGr200RDfKiHdvR,1
fVem0hBGr200RDfKiHdvR,2
fVem0hBGr200RDfKiHdvR,4
fVem0hBGr200RDfKiHdvR,5
fJANewMkTRAhBrO5jXmF1,1
fJANewMkTRAhBrO5jXmF1,2
fJANewMkTRAhBrO5jXmF1,3
fJANewMkTRAhBrO5jXmF1,4
fJANewMkTRAhBrO5jXmF1,5
fPxwls2LqwdHPNcDbAciA,1
fPxwls2LqwdHPNcDbAciA,2
fPxwls2LqwdHPNcDbAciA,3
fPxwls2LqwdHPNcDbAciA,4
fPxwls2LqwdHPNcDbAciA,5
fY05Z3SrobMoZKRgRyvrZ,1
fY05Z3SrobMoZKRgRyvrZ,2
fY05Z3SrobMoZKRgRyvrZ,3
fY05Z3SrobMoZKRgRyvrZ,4
fY05Z3SrobMoZKRgRyvrZ,5
fk4gxdoQ7YdIXzsX8UIVi,1
fk4gxdoQ7YdIXzsX8UIVi,2
fk4gxdoQ7YdIXzsX8UIVi,3
fk4gxdoQ7YdIXzsX8UIVi,4
fk4gxdoQ7YdIXzsX8UIVi,5
fgcxHrVTJATDHC5snVjpP,1
fgcxHrVTJATDHC5snVjpP,2
fgcxHrVTJATDHC5snVjpP,3
fgcxHrVTJATDHC5snVjpP,4
fgcxHrVTJATDHC5snVjpP,5
fexco94lGDcrj4D3HSsG8,1
fexco94lGDcrj4D3HSsG8,2
fexco94lGDcrj4D3HSsG8,3
f6TAjROH3rR4uy0xntIoG,2
f6TAjROH3rR4uy0xntIoG,3
fbz9igVHUB7EFfxRPcDZb,2
fbz9igVHUB7EFfxRPcDZb,3
fbz9igVHUB7EFfxRPcDZb,5
faAX9N0pYEXEBpTonP7l4,6
faAX9N0pYEXEBpTonP7l4,1
faAX9N0pYEXEBpTonP7l4,2
faAX9N0pYEXEBpTonP7l4,3
faAX9N0pYEXEBpTonP7l4,5
fe0Y4s6jpd3cDJ5oUw72E,2
fe0Y4s6jpd3cDJ5oUw72E,5
fIbpn9uxbLdl95qe3Uxgh,1
fIbpn9uxbLdl95qe3Uxgh,2
fIbpn9uxbLdl95qe3Uxgh,3
fIbpn9uxbLdl95qe3Uxgh,4
fIbpn9uxbLdl95qe3Uxgh,5
fggfYwGqb663siXibDaii,1
fggfYwGqb663siXibDaii,2
fggfYwGqb663siXibDaii,3
fggfYwGqb663siXibDaii,4
fggfYwGqb663siXibDaii,5
fVb0eFjkg6ulRSURSUMjf,1
fVb0eFjkg6ulRSURSUMjf,4
fo5ZWdsgFVVR7BMV7Ryzl,1
fo5ZWdsgFVVR7BMV7Ryzl,2
fo5ZWdsgFVVR7BMV7Ryzl,3
fo5ZWdsgFVVR7BMV7Ryzl,4
fo5ZWdsgFVVR7BMV7Ryzl,5
fXqztagwoAH2yAQ7fNawX,1
fXqztagwoAH2yAQ7fNawX,2
fXqztagwoAH2yAQ7fNawX,3
fXqztagwoAH2yAQ7fNawX,4
fXqztagwoAH2yAQ7fNawX,5
fZqyuporngGeOQc4y5NGU,1
fZqyuporngGeOQc4y5NGU,2
fZqyuporngGeOQc4y5NGU,3
fZqyuporngGeOQc4y5NGU,4
fvixOeNCuZoCHT9Zrh1dK,1
fvixOeNCuZoCHT9Zrh1dK,2
fvixOeNCuZoCHT9Zrh1dK,3
fvixOeNCuZoCHT9Zrh1dK,4
fvixOeNCuZoCHT9Zrh1dK,5
f45EvWH2EKM4j2tttr3hg,1
f45EvWH2EKM4j2tttr3hg,2
f45EvWH2EKM4j2tttr3hg,3
f45EvWH2EKM4j2tttr3hg,4
f45EvWH2EKM4j2tttr3hg,5
fYQNzmDeRslyeofWZ2MZf,6
fv50vw8uVdRmztaB5WIEa,2
fv50vw8uVdRmztaB5WIEa,3
fv50vw8uVdRmztaB5WIEa,4
fv50vw8uVdRmztaB5WIEa,5
ffy28EhtLLxsivM8SBRYZ,5
fXrJchJzO7EiJjazTyJBO,2
fXrJchJzO7EiJjazTyJBO,3
f0n9sTy3mVJ3oxERVOufa,1
f0n9sTy3mVJ3oxERVOufa,2
f0n9sTy3mVJ3oxERVOufa,3
f0n9sTy3mVJ3oxERVOufa,4
falubBhOowT8WQrYJjqPu,1
falubBhOowT8WQrYJjqPu,2
falubBhOowT8WQrYJjqPu,3
falubBhOowT8WQrYJjqPu,4
falubBhOowT8WQrYJjqPu,5
fJF59YeUjdjZj689rEBKx,1
fJF59YeUjdjZj689rEBKx,2
fJF59YeUjdjZj689rEBKx,3
fJF59YeUjdjZj689rEBKx,5
fPQoW54pbC6mqHbhla4iB,6
fPQoW54pbC6mqHbhla4iB,4
fPQoW54pbC6mqHbhla4iB,5
fbThKoK6HSvLKt5KxzmBz,1
fbThKoK6HSvLKt5KxzmBz,2
fbThKoK6HSvLKt5KxzmBz,3
fbThKoK6HSvLKt5KxzmBz,4
fbThKoK6HSvLKt5KxzmBz,5
fPpStmu3qJTFGBWTaqXVP,1
fPpStmu3qJTFGBWTaqXVP,2
fPpStmu3qJTFGBWTaqXVP,3
fPpStmu3qJTFGBWTaqXVP,4
fPpStmu3qJTFGBWTaqXVP,5
f1CHcL19zvyHRu7TFRwZq,1
f1CHcL19zvyHRu7TFRwZq,2
f1CHcL19zvyHRu7TFRwZq,3
f1CHcL19zvyHRu7TFRwZq,5
fS03uIcd4Tt0JKI7qk9dC,2
fS03uIcd4Tt0JKI7qk9dC,3
fS03uIcd4Tt0JKI7qk9dC,5
fH3RoyNgB0ah0eC6UMnL3,1
fH3RoyNgB0ah0eC6UMnL3,2
fH3RoyNgB0ah0eC6UMnL3,3
fH3RoyNgB0ah0eC6UMnL3,4
fH3RoyNgB0ah0eC6UMnL3,5
fzZfDW9u6SG4rbxQfdKg0,1
fzZfDW9u6SG4rbxQfdKg0,2
fzZfDW9u6SG4rbxQfdKg0,3
fzZfDW9u6SG4rbxQfdKg0,4
fzZfDW9u6SG4rbxQfdKg0,5
fHOxBb4VWfy2fF53X779R,1
fHOxBb4VWfy2fF53X779R,2
fHOxBb4VWfy2fF53X779R,3
fHOxBb4VWfy2fF53X779R,4
fHOxBb4VWfy2fF53X779R,5
f0j9YWBhZVd1FmDb7T2Am,1
f0j9YWBhZVd1FmDb7T2Am,2
f0j9YWBhZVd1FmDb7T2Am,3
f0j9YWBhZVd1FmDb7T2Am,4
f0j9YWBhZVd1FmDb7T2Am,5
fkIwhKSDoubiTZ2mOthda,2
fkIwhKSDoubiTZ2mOthda,3
fkIwhKSDoubiTZ2mOthda,5
fYFd9UYbmfQsPVpByD1tL,1
fYFd9UYbmfQsPVpByD1tL,2
fYFd9UYbmfQsPVpByD1tL,3
f4trV95c0QxDF3skGBqDP,1
f4trV95c0QxDF3skGBqDP,2
f4trV95c0QxDF3skGBqDP,3
f8G4utc1jbqgKEzCtJYuv,6
f8G4utc1jbqgKEzCtJYuv,4
f8G4utc1jbqgKEzCtJYuv,5
fEbeIPzya7EJGGH5ozp6m,1
fEbeIPzya7EJGGH5ozp6m,2
fEbeIPzya7EJGGH5ozp6m,3
fEbeIPzya7EJGGH5ozp6m,4
fEbeIPzya7EJGGH5ozp6m,5
fsuZnXKqf7dhXpJKBCnfB,1
fsuZnXKqf7dhXpJKBCnfB,2
fsuZnXKqf7dhXpJKBCnfB,3
fsuZnXKqf7dhXpJKBCnfB,4
fsuZnXKqf7dhXpJKBCnfB,5
fmRInLacpuTqUPGciKOor,1
fmRInLacpuTqUPGciKOor,2
fC3PiNWfVJ3KlFGrErB3u,1
fC3PiNWfVJ3KlFGrErB3u,2
fC3PiNWfVJ3KlFGrErB3u,3
fZVUEGUMjJuLTtN3GvHTq,1
fZVUEGUMjJuLTtN3GvHTq,2
fZVUEGUMjJuLTtN3GvHTq,3
fNg1VYbTX65it1748G44g,1
fNg1VYbTX65it1748G44g,2
fNg1VYbTX65it1748G44g,3
fNg1VYbTX65it1748G44g,4
fNg1VYbTX65it1748G44g,5
fIKA4behlzLUt6rIQsK0B,2
fIKA4behlzLUt6rIQsK0B,3
fIKA4behlzLUt6rIQsK0B,5
fD6vBNYV9Ypq6za0bE2sl,1
fD6vBNYV9Ypq6za0bE2sl,2
fD6vBNYV9Ypq6za0bE2sl,3
fD6vBNYV9Ypq6za0bE2sl,4
fD6vBNYV9Ypq6za0bE2sl,5
fBP4jQ14qHvIemW9877Cj,6
fBP4jQ14qHvIemW9877Cj,1
fBP4jQ14qHvIemW9877Cj,2
fBP4jQ14qHvIemW9877Cj,3
fBP4jQ14qHvIemW9877Cj,4
fBP4jQ14qHvIemW9877Cj,5
fc8GAiw5sMaivBXFbLIoQ,2
fc8GAiw5sMaivBXFbLIoQ,4
f73WAB9kRi4ksHnwQzsnC,1
f73WAB9kRi4ksHnwQzsnC,2
f73WAB9kRi4ksHnwQzsnC,3
fRwddcF4RWZsjBwXSGjAy,1
fRwddcF4RWZsjBwXSGjAy,2
fRwddcF4RWZsjBwXSGjAy,3
fRwddcF4RWZsjBwXSGjAy,4
fRwddcF4RWZsjBwXSGjAy,5
frGcubqaqeMmGcoQmI4vq,2
f05C8ZXZjHZrZaeUB8eYN,1
f05C8ZXZjHZrZaeUB8eYN,2
f05C8ZXZjHZrZaeUB8eYN,3
f05C8ZXZjHZrZaeUB8eYN,4
f05C8ZXZjHZrZaeUB8eYN,5
fOeIhAcrDOKgx8gpV1q67,1
fOeIhAcrDOKgx8gpV1q67,2
fOeIhAcrDOKgx8gpV1q67,3
fOeIhAcrDOKgx8gpV1q67,4
fOeIhAcrDOKgx8gpV1q67,5
fDzPEsTSn5tidn4HxCnhN,1
fDzPEsTSn5tidn4HxCnhN,2
fDzPEsTSn5tidn4HxCnhN,3
fDzPEsTSn5tidn4HxCnhN,4
fDzPEsTSn5tidn4HxCnhN,5
fsJN17rx44WJbWEljfZX4,2
fiiayczyaQqfHxVDBC0Jn,6
fiiayczyaQqfHxVDBC0Jn,1
fiiayczyaQqfHxVDBC0Jn,2
fwPziVrThTJheqZ6iYRNC,1
fwPziVrThTJheqZ6iYRNC,2
fwPziVrThTJheqZ6iYRNC,3
fwPziVrThTJheqZ6iYRNC,4
fwPziVrThTJheqZ6iYRNC,5
fybtm2Hve26Y9cXqANP4h,1
fybtm2Hve26Y9cXqANP4h,2
fybtm2Hve26Y9cXqANP4h,3
fybtm2Hve26Y9cXqANP4h,4
fybtm2Hve26Y9cXqANP4h,5
fQGZ1K6vhLQ3Q1Iep0Eyi,1
fQGZ1K6vhLQ3Q1Iep0Eyi,2
fQGZ1K6vhLQ3Q1Iep0Eyi,3
fQGZ1K6vhLQ3Q1Iep0Eyi,5
foC37FduQx4O31HG8N0yN,2
foC37FduQx4O31HG8N0yN,5
fJbNQBQMvIlxM78O35RkI,6
fJbNQBQMvIlxM78O35RkI,2
fJbNQBQMvIlxM78O35RkI,3
fJbNQBQMvIlxM78O35RkI,4
fJbNQBQMvIlxM78O35RkI,5
fmsAxK9FPgU7QxAdjGsxh,1
fmsAxK9FPgU7QxAdjGsxh,2
fmsAxK9FPgU7QxAdjGsxh,3
fmsAxK9FPgU7QxAdjGsxh,5
fHUSsQmG5FFUvaJ8r4z5d,1
fHUSsQmG5FFUvaJ8r4z5d,2
fHUSsQmG5FFUvaJ8r4z5d,3
fHUSsQmG5FFUvaJ8r4z5d,5
fwxydujXuW5ZDsKJe4CPH,1
fwxydujXuW5ZDsKJe4CPH,2
fwxydujXuW5ZDsKJe4CPH,3
fwxydujXuW5ZDsKJe4CPH,4
fwxydujXuW5ZDsKJe4CPH,5
fKVNI2OZD923g6WYrCs9t,1
fKVNI2OZD923g6WYrCs9t,2
fKVNI2OZD923g6WYrCs9t,3
fKVNI2OZD923g6WYrCs9t,4
fKVNI2OZD923g6WYrCs9t,5
fqvB226vGq18C3Bdx3zrL,2
fqvB226vGq18C3Bdx3zrL,3
fqvB226vGq18C3Bdx3zrL,5
f4lTN9E0MLxzYdRc7g4YP,1
f4lTN9E0MLxzYdRc7g4YP,2
f4lTN9E0MLxzYdRc7g4YP,3
f4lTN9E0MLxzYdRc7g4YP,4
f4lTN9E0MLxzYdRc7g4YP,5
f2wD9bN6zHS57YGaoVqL3,1
f2wD9bN6zHS57YGaoVqL3,2
f2wD9bN6zHS57YGaoVqL3,3
f2wD9bN6zHS57YGaoVqL3,4
f2wD9bN6zHS57YGaoVqL3,5
fRfCrKJo0Om9LyErWeAdv,2
fRfCrKJo0Om9LyErWeAdv,3
fRfCrKJo0Om9LyErWeAdv,5
fZtUcJw5L7tGTUDaoiklw,6
fZtUcJw5L7tGTUDaoiklw,1
fZtUcJw5L7tGTUDaoiklw,2
fZtUcJw5L7tGTUDaoiklw,3
fZtUcJw5L7tGTUDaoiklw,4
fZtUcJw5L7tGTUDaoiklw,5
f7getZIkRd0WzBmEZnvLK,1
f7getZIkRd0WzBmEZnvLK,2
f7getZIkRd0WzBmEZnvLK,3
f7getZIkRd0WzBmEZnvLK,4
f7getZIkRd0WzBmEZnvLK,5
fULU3Ek5pFXh4WTtMbt5Y,1
fULU3Ek5pFXh4WTtMbt5Y,2
fULU3Ek5pFXh4WTtMbt5Y,3
fULU3Ek5pFXh4WTtMbt5Y,4
fULU3Ek5pFXh4WTtMbt5Y,5
fgQd6Fhfkm6MRQfNhNhMn,1
fgQd6Fhfkm6MRQfNhNhMn,2
fgQd6Fhfkm6MRQfNhNhMn,3
fgQd6Fhfkm6MRQfNhNhMn,4
fgQd6Fhfkm6MRQfNhNhMn,5
fa5iNr4Eocw5eeP7cNY64,1
fa5iNr4Eocw5eeP7cNY64,2
fa5iNr4Eocw5eeP7cNY64,3
fa5iNr4Eocw5eeP7cNY64,4
fkUCtdLIlS1sP7MsQO3cn,1
fkUCtdLIlS1sP7MsQO3cn,2
fkUCtdLIlS1sP7MsQO3cn,3
f52cnirqj8rd1kyc9EC4x,1
f52cnirqj8rd1kyc9EC4x,2
f52cnirqj8rd1kyc9EC4x,3
f52cnirqj8rd1kyc9EC4x,4
